,org,dest,valor_norm
0,Algeria,Austria,1.0
1,Algeria,Belgium,1.2755102040816326
2,Algeria,Canada,1.0
3,Algeria,France,12.272727272727273
4,Algeria,Germany,1.5603448275862069
5,Algeria,Italy,2.4601769911504423
6,Algeria,Morocco,1.2941176470588236
7,Algeria,Portugal,1.0
8,Algeria,Qatar,1.013157894736842
9,Algeria,Russia,1.0
10,Algeria,Senegal,1.1285714285714286
11,Algeria,Spain,4.651315789473684
12,Algeria,Switzerland,1.1688311688311688
13,Algeria,Thailand,1.0
14,Algeria,Turkey,1.0
15,Algeria,Ukraine,1.0
16,Algeria,United Arab Emirates,1.3611111111111112
17,Algeria,United Kingdom,1.4495412844036697
18,Argentina,Australia,1.25
19,Argentina,Bolivia,1.8727272727272728
20,Argentina,Brazil,13.577405857740585
21,Argentina,Canada,1.1666666666666667
22,Argentina,Colombia,2.0084745762711864
23,Argentina,Costa Rica,1.0
24,Argentina,Dominican Republic,1.25
25,Argentina,France,1.053191489361702
26,Argentina,Germany,1.0
27,Argentina,Italy,1.683673469387755
28,Argentina,Mexico,1.125
29,Argentina,Netherlands,1.0520833333333333
30,Argentina,New Zealand,1.1666666666666667
31,Argentina,Spain,4.484126984126984
32,Argentina,Switzerland,1.0
33,Argentina,United Kingdom,1.6122448979591837
34,Argentina,United States,7.152380952380953
35,Armenia,Austria,1.0151515151515151
36,Armenia,Belarus,1.0
37,Armenia,Belgium,1.0
38,Armenia,Czech Republic,1.0
39,Armenia,France,1.0
40,Armenia,Germany,1.3333333333333333
41,Armenia,Greece,1.0
42,Armenia,Ireland,1.0
43,Armenia,Israel,1.0
44,Armenia,Italy,1.9
45,Armenia,Kazakhstan,1.0
46,Armenia,Latvia,1.0
47,Armenia,Poland,1.0
48,Armenia,Qatar,1.0571428571428572
49,Armenia,Romania,1.0
50,Armenia,Russia,10.853982300884956
51,Armenia,Serbia,1.0
52,Armenia,Sweden,1.0
53,Armenia,Switzerland,1.0
54,Armenia,Ukraine,1.2592592592592593
55,Armenia,United Arab Emirates,1.7328244274809161
56,Australia,Argentina,1.25
57,Australia,Brazil,1.0
58,Australia,Canada,2.627659574468085
59,Australia,China,2.032258064516129
60,Australia,France,1.1666666666666667
61,Australia,French Polynesia,1.0
62,Australia,Germany,1.0
63,Australia,Hong Kong,10.288590604026846
64,Australia,India,1.3125
65,Australia,Indonesia,2.5172413793103448
66,Australia,Italy,1.0
67,Australia,Japan,3.5598290598290596
68,Australia,Macau,1.0
69,Australia,Malaysia,11.42517006802721
70,Australia,New Zealand,34.24662162162162
71,Australia,Philippines,4.3311688311688314
72,Australia,Qatar,4.533557046979865
73,Australia,Russia,1.0
74,Australia,Saudi Arabia,1.0
75,Australia,Singapore,21.618055555555557
76,Australia,South Africa,1.125
77,Australia,South Korea,3.17816091954023
78,Australia,Sri Lanka,1.082191780821918
79,Australia,Sweden,1.0
80,Australia,Taiwan,2.7535211267605635
81,Australia,Thailand,6.195402298850575
82,Australia,United Arab Emirates,6.209302325581396
83,Australia,United Kingdom,1.480263157894737
84,Australia,United States,15.533557046979865
85,Austria,Algeria,1.0
86,Austria,Armenia,1.0151515151515151
87,Austria,Bangladesh,1.0
88,Austria,Belarus,1.3795180722891567
89,Austria,Belgium,4.070833333333334
90,Austria,Canada,1.5267857142857142
91,Austria,China,1.0
92,Austria,Croatia,2.9827586206896552
93,Austria,Czech Republic,2.8974358974358974
94,Austria,Denmark,6.753164556962025
95,Austria,Estonia,1.3625
96,Austria,Finland,2.1621621621621623
97,Austria,France,9.461904761904762
98,Austria,Germany,50.624161073825505
99,Austria,Greece,3.1623376623376624
100,Austria,Hong Kong,1.0
101,Austria,Hungary,2.13953488372093
102,Austria,Iceland,1.0952380952380953
103,Austria,India,1.0555555555555556
104,Austria,Ireland,2.2
105,Austria,Israel,4.131944444444445
106,Austria,Italy,11.970238095238095
107,Austria,Japan,1.0263157894736843
108,Austria,Latvia,2.1474358974358974
109,Austria,Luxembourg,3.3392857142857144
110,Austria,Malta,1.1911764705882353
111,Austria,Morocco,1.0
112,Austria,Netherlands,11.981481481481481
113,Austria,Norway,2.9224137931034484
114,Austria,Poland,6.12
115,Austria,Portugal,3.592391304347826
116,Austria,Qatar,1.9690265486725664
117,Austria,Romania,3.1194029850746268
118,Austria,Russia,7.878504672897196
119,Austria,Saudi Arabia,1.0
120,Austria,Serbia,1.8333333333333333
121,Austria,Slovakia,1.5238095238095237
122,Austria,South Africa,1.1666666666666667
123,Austria,South Korea,1.1521739130434783
124,Austria,Spain,10.582417582417582
125,Austria,Sweden,4.9423076923076925
126,Austria,Switzerland,14.166666666666666
127,Austria,Taiwan,1.3793103448275863
128,Austria,Thailand,2.486666666666667
129,Austria,Turkey,3.247311827956989
130,Austria,Ukraine,4.119318181818182
131,Austria,United Arab Emirates,2.5754716981132075
132,Austria,United Kingdom,21.76595744680851
133,Austria,United States,3.0547945205479454
134,Bahrain,Bangladesh,1.42
135,Bahrain,France,1.0273972602739727
136,Bahrain,Germany,2.3214285714285716
137,Bahrain,Greece,1.0
138,Bahrain,Hong Kong,1.921875
139,Bahrain,India,6.447115384615385
140,Bahrain,Italy,1.1944444444444444
141,Bahrain,Luxembourg,1.0
142,Bahrain,Morocco,1.0
143,Bahrain,Netherlands,1.0
144,Bahrain,Philippines,1.0
145,Bahrain,Qatar,1.6219512195121952
146,Bahrain,Russia,1.3028169014084507
147,Bahrain,Saudi Arabia,5.423357664233577
148,Bahrain,Singapore,1.0
149,Bahrain,Spain,1.0
150,Bahrain,Sri Lanka,1.5833333333333333
151,Bahrain,Thailand,1.3979591836734695
152,Bahrain,Turkey,1.6323529411764706
153,Bahrain,United Arab Emirates,12.03020134228188
154,Bahrain,United Kingdom,2.393162393162393
155,Bahrain,United States,1.0833333333333333
156,Bangladesh,Austria,1.0
157,Bangladesh,Bahrain,1.42
158,Bangladesh,Germany,1.0
159,Bangladesh,Hong Kong,1.16
160,Bangladesh,India,4.5
161,Bangladesh,Malaysia,2.130434782608696
162,Bangladesh,Qatar,2.25531914893617
163,Bangladesh,Saudi Arabia,2.0854700854700856
164,Bangladesh,Singapore,1.5942028985507246
165,Bangladesh,Sri Lanka,1.0125
166,Bangladesh,Thailand,1.5
167,Bangladesh,Turkey,1.0
168,Bangladesh,Ukraine,1.0
169,Bangladesh,United Arab Emirates,3.9748427672955975
170,Bangladesh,United Kingdom,1.125
171,Barbados,Brazil,1.2
172,Barbados,Canada,2.037878787878788
173,Barbados,Colombia,1.0
174,Barbados,Dominican Republic,1.0
175,Barbados,France,1.0
176,Barbados,Germany,2.25
177,Barbados,Portugal,1.0
178,Barbados,Puerto Rico,1.0
179,Barbados,Spain,1.0
180,Barbados,United Kingdom,3.054054054054054
181,Barbados,United States,5.80225988700565
182,Belarus,Armenia,1.0
183,Belarus,Austria,1.3795180722891567
184,Belarus,Belgium,1.0
185,Belarus,Czech Republic,1.0053191489361701
186,Belarus,Denmark,1.0
187,Belarus,Estonia,1.0076923076923077
188,Belarus,Finland,1.030612244897959
189,Belarus,France,1.0833333333333333
190,Belarus,Germany,3.0952380952380953
191,Belarus,Hungary,1.088235294117647
192,Belarus,India,1.0
193,Belarus,Israel,1.0
194,Belarus,Italy,1.0945945945945945
195,Belarus,Kazakhstan,1.0
196,Belarus,Latvia,1.2992700729927007
197,Belarus,Netherlands,1.008
198,Belarus,Philippines,1.0
199,Belarus,Poland,1.9507042253521127
200,Belarus,Russia,16.655
201,Belarus,Serbia,1.1363636363636365
202,Belarus,Spain,1.0
203,Belarus,Sweden,1.0104166666666667
204,Belarus,Switzerland,1.0
205,Belarus,Turkey,1.0
206,Belarus,Ukraine,4.491935483870968
207,Belarus,United Arab Emirates,1.0
208,Belarus,United Kingdom,1.09375
209,Belgium,Algeria,1.2755102040816326
210,Belgium,Armenia,1.0
211,Belgium,Austria,4.070833333333334
212,Belgium,Belarus,1.0
213,Belgium,Brazil,1.0
214,Belgium,Canada,1.05
215,Belgium,China,1.125
216,Belgium,Colombia,1.0
217,Belgium,Croatia,1.730263157894737
218,Belgium,Czech Republic,3.9324324324324325
219,Belgium,Denmark,4.8125
220,Belgium,Dominican Republic,1.0
221,Belgium,Estonia,1.5892857142857142
222,Belgium,Finland,2.22972972972973
223,Belgium,France,11.985401459854014
224,Belgium,Germany,18.06711409395973
225,Belgium,Greece,2.2342857142857144
226,Belgium,Hong Kong,1.6569767441860466
227,Belgium,Hungary,3.70873786407767
228,Belgium,Iceland,1.5730337078651686
229,Belgium,India,1.1428571428571428
230,Belgium,Indonesia,1.0
231,Belgium,Ireland,3.514705882352941
232,Belgium,Israel,2.6325301204819276
233,Belgium,Italy,13.5
234,Belgium,Japan,1.0
235,Belgium,Latvia,1.911764705882353
236,Belgium,Luxembourg,1.0
237,Belgium,Malta,1.7328767123287672
238,Belgium,Morocco,2.929936305732484
239,Belgium,Netherlands,3.279166666666667
240,Belgium,Norway,3.363013698630137
241,Belgium,Poland,5.366935483870968
242,Belgium,Portugal,5.904
243,Belgium,Qatar,3.5874125874125875
244,Belgium,Romania,2.28125
245,Belgium,Russia,3.1869565217391305
246,Belgium,Saudi Arabia,1.1666666666666667
247,Belgium,Senegal,1.1612903225806452
248,Belgium,Serbia,1.0666666666666667
249,Belgium,Singapore,1.0
250,Belgium,Slovakia,1.15625
251,Belgium,South Africa,1.1333333333333333
252,Belgium,South Korea,1.0
253,Belgium,Spain,15.072992700729927
254,Belgium,Sweden,6.321428571428571
255,Belgium,Switzerland,8.442307692307692
256,Belgium,Thailand,1.0087719298245614
257,Belgium,Turkey,2.7991803278688523
258,Belgium,Ukraine,1.3541666666666667
259,Belgium,United Arab Emirates,2.612781954887218
260,Belgium,United Kingdom,14.322916666666666
261,Belgium,United States,7.748322147651007
262,Bolivia,Argentina,1.8727272727272728
263,Bolivia,Brazil,1.8633093525179856
264,Bolivia,Colombia,1.0140845070422535
265,Bolivia,Costa Rica,1.0
266,Bolivia,Dominican Republic,1.0
267,Bolivia,Italy,1.0
268,Bolivia,Spain,1.2407407407407407
269,Bolivia,United States,1.5741935483870968
270,Brazil,Argentina,13.577405857740585
271,Brazil,Australia,1.0
272,Brazil,Barbados,1.2
273,Brazil,Belgium,1.0
274,Brazil,Bolivia,1.8633093525179856
275,Brazil,Canada,1.5898876404494382
276,Brazil,Colombia,3.1648351648351647
277,Brazil,Costa Rica,1.0
278,Brazil,Dominican Republic,2.4642857142857144
279,Brazil,France,3.4278350515463916
280,Brazil,Germany,2.573394495412844
281,Brazil,Israel,1.0
282,Brazil,Italy,2.994186046511628
283,Brazil,Luxembourg,1.0862068965517242
284,Brazil,Mexico,1.0
285,Brazil,Morocco,1.0
286,Brazil,Netherlands,1.8101851851851851
287,Brazil,Portugal,5.686274509803922
288,Brazil,Qatar,1.0542168674698795
289,Brazil,Senegal,1.3582089552238805
290,Brazil,South Africa,1.6
291,Brazil,South Korea,1.0
292,Brazil,Spain,4.247126436781609
293,Brazil,Switzerland,1.267605633802817
294,Brazil,Turkey,1.0
295,Brazil,United Arab Emirates,1.5174418604651163
296,Brazil,United Kingdom,3.0114942528735633
297,Brazil,United States,17.936241610738254
298,Canada,Algeria,1.0
299,Canada,Argentina,1.1666666666666667
300,Canada,Australia,2.627659574468085
301,Canada,Austria,1.5267857142857142
302,Canada,Barbados,2.037878787878788
303,Canada,Belgium,1.05
304,Canada,Brazil,1.5898876404494382
305,Canada,China,1.6333333333333333
306,Canada,Colombia,1.2692307692307692
307,Canada,Costa Rica,2.638888888888889
308,Canada,Denmark,1.0288461538461537
309,Canada,Dominican Republic,7.180327868852459
310,Canada,France,4.934931506849315
311,Canada,French Polynesia,1.0
312,Canada,Germany,5.439597315436242
313,Canada,Hong Kong,3.925925925925926
314,Canada,Iceland,1.6385542168674698
315,Canada,India,2.725609756097561
316,Canada,Ireland,1.9513888888888888
317,Canada,Israel,1.3066666666666666
318,Canada,Italy,1.1
319,Canada,Japan,1.7551020408163265
320,Canada,Luxembourg,1.0
321,Canada,Mexico,5.051546391752577
322,Canada,Morocco,1.32
323,Canada,Netherlands,3.2477064220183487
324,Canada,New Zealand,1.4623655913978495
325,Canada,Philippines,1.8782051282051282
326,Canada,Poland,1.0227272727272727
327,Canada,Portugal,2.1158536585365852
328,Canada,Puerto Rico,2.1333333333333333
329,Canada,Qatar,1.329268292682927
330,Canada,Singapore,1.0
331,Canada,South Korea,2.7857142857142856
332,Canada,Spain,1.3466666666666667
333,Canada,Switzerland,2.5618556701030926
334,Canada,Taiwan,2.6856060606060606
335,Canada,Thailand,1.0
336,Canada,Turkey,1.0
337,Canada,United Arab Emirates,1.8
338,Canada,United Kingdom,9.409395973154362
339,Canada,United States,265.4261744966443
340,China,Australia,2.032258064516129
341,China,Austria,1.0
342,China,Belgium,1.125
343,China,Canada,1.6333333333333333
344,China,France,1.3571428571428572
345,China,Germany,1.890625
346,China,Hong Kong,1.8333333333333333
347,China,Hungary,1.9583333333333333
348,China,Iceland,1.0
349,China,India,1.1625
350,China,Indonesia,1.0
351,China,Ireland,1.0
352,China,Israel,1.1333333333333333
353,China,Italy,1.2941176470588236
354,China,Japan,3.327956989247312
355,China,Kazakhstan,2.25
356,China,Macau,1.5689655172413792
357,China,Malaysia,3.485611510791367
358,China,Netherlands,1.3888888888888888
359,China,New Zealand,1.2142857142857142
360,China,Philippines,1.7673267326732673
361,China,Qatar,1.25
362,China,Russia,1.896551724137931
363,China,Singapore,2.904580152671756
364,China,South Africa,1.0
365,China,South Korea,4.166666666666667
366,China,Spain,1.4318181818181819
367,China,Sri Lanka,1.0
368,China,Switzerland,1.0
369,China,Taiwan,3.6745283018867925
370,China,Thailand,4.563451776649746
371,China,Turkey,1.0
372,China,United Arab Emirates,1.3170731707317074
373,China,United Kingdom,1.4782608695652173
374,China,United States,2.685
375,Colombia,Argentina,2.0084745762711864
376,Colombia,Barbados,1.0
377,Colombia,Belgium,1.0
378,Colombia,Bolivia,1.0140845070422535
379,Colombia,Brazil,3.1648351648351647
380,Colombia,Canada,1.2692307692307692
381,Colombia,Costa Rica,2.950310559006211
382,Colombia,Dominican Republic,1.6046511627906976
383,Colombia,France,1.0
384,Colombia,Germany,1.3604651162790697
385,Colombia,Mexico,2.95
386,Colombia,Netherlands,1.0862068965517242
387,Colombia,Puerto Rico,1.0
388,Colombia,Spain,4.39
389,Colombia,United Kingdom,1.025
390,Colombia,United States,20.503401360544217
391,Costa Rica,Argentina,1.0
392,Costa Rica,Bolivia,1.0
393,Costa Rica,Brazil,1.0
394,Costa Rica,Canada,2.638888888888889
395,Costa Rica,Colombia,2.950310559006211
396,Costa Rica,Dominican Republic,1.0
397,Costa Rica,France,1.024390243902439
398,Costa Rica,Germany,1.2391304347826086
399,Costa Rica,Mexico,1.8108108108108107
400,Costa Rica,Netherlands,1.0
401,Costa Rica,Spain,1.0263157894736843
402,Costa Rica,Switzerland,1.0
403,Costa Rica,United Kingdom,1.0
404,Costa Rica,United States,20.982698961937718
405,Croatia,Austria,2.9827586206896552
406,Croatia,Belgium,1.730263157894737
407,Croatia,Czech Republic,1.2
408,Croatia,Denmark,1.0080645161290323
409,Croatia,Finland,1.0
410,Croatia,France,2.0058823529411764
411,Croatia,Germany,7.3232323232323235
412,Croatia,Greece,1.0
413,Croatia,Hungary,1.0
414,Croatia,Ireland,1.0
415,Croatia,Israel,1.0
416,Croatia,Italy,1.6923076923076923
417,Croatia,Netherlands,1.1354166666666667
418,Croatia,Norway,1.0
419,Croatia,Poland,1.3863636363636365
420,Croatia,Portugal,1.0
421,Croatia,Qatar,1.802325581395349
422,Croatia,Russia,1.0432098765432098
423,Croatia,Serbia,1.4333333333333333
424,Croatia,Slovakia,1.25
425,Croatia,Spain,1.0571428571428572
426,Croatia,Sweden,1.625
427,Croatia,Switzerland,1.9593023255813953
428,Croatia,Turkey,1.0
429,Croatia,Ukraine,1.0
430,Croatia,United Arab Emirates,1.0125
431,Croatia,United Kingdom,1.7901234567901234
432,Czech Republic,Armenia,1.0
433,Czech Republic,Austria,2.8974358974358974
434,Czech Republic,Belarus,1.0053191489361701
435,Czech Republic,Belgium,3.9324324324324325
436,Czech Republic,Croatia,1.2
437,Czech Republic,Denmark,2.2564102564102564
438,Czech Republic,Estonia,1.0
439,Czech Republic,Finland,2.038961038961039
440,Czech Republic,France,7.118556701030927
441,Czech Republic,Germany,10.23134328358209
442,Czech Republic,Greece,1.2647058823529411
443,Czech Republic,Hungary,2.721774193548387
444,Czech Republic,Iceland,1.1
445,Czech Republic,Ireland,1.6282051282051282
446,Czech Republic,Israel,2.1058823529411765
447,Czech Republic,Italy,8.0125
448,Czech Republic,Kazakhstan,1.0
449,Czech Republic,Latvia,1.3214285714285714
450,Czech Republic,Luxembourg,1.0
451,Czech Republic,Malta,1.0
452,Czech Republic,Morocco,1.0
453,Czech Republic,Netherlands,4.853448275862069
454,Czech Republic,Norway,1.1416666666666666
455,Czech Republic,Poland,3.006172839506173
456,Czech Republic,Portugal,1.3278688524590163
457,Czech Republic,Qatar,1.933673469387755
458,Czech Republic,Romania,1.131578947368421
459,Czech Republic,Russia,10.9438202247191
460,Czech Republic,Senegal,1.0
461,Czech Republic,Serbia,1.0454545454545454
462,Czech Republic,Slovakia,2.4214876033057853
463,Czech Republic,South Korea,1.15625
464,Czech Republic,Spain,4.632183908045977
465,Czech Republic,Sweden,2.443548387096774
466,Czech Republic,Switzerland,4.064705882352941
467,Czech Republic,Thailand,1.0
468,Czech Republic,Turkey,1.146341463414634
469,Czech Republic,Ukraine,2.2710843373493974
470,Czech Republic,United Arab Emirates,2.4146341463414633
471,Czech Republic,United Kingdom,18.155172413793103
472,Denmark,Austria,6.753164556962025
473,Denmark,Belarus,1.0
474,Denmark,Belgium,4.8125
475,Denmark,Canada,1.0288461538461537
476,Denmark,Croatia,1.0080645161290323
477,Denmark,Czech Republic,2.2564102564102564
478,Denmark,Dominican Republic,1.0
479,Denmark,Estonia,2.0492957746478875
480,Denmark,Finland,6.697368421052632
481,Denmark,France,7.065040650406504
482,Denmark,Germany,24.016778523489933
483,Denmark,Greece,1.5714285714285714
484,Denmark,Hong Kong,1.0
485,Denmark,Hungary,1.8208955223880596
486,Denmark,Iceland,2.9166666666666665
487,Denmark,Ireland,2.575
488,Denmark,Israel,1.1111111111111112
489,Denmark,Italy,7.986486486486487
490,Denmark,Latvia,4.571428571428571
491,Denmark,Luxembourg,2.4015151515151514
492,Denmark,Malta,1.2096774193548387
493,Denmark,Morocco,1.0
494,Denmark,Netherlands,11.310077519379846
495,Denmark,Norway,16.445945945945947
496,Denmark,Poland,10.452380952380953
497,Denmark,Portugal,2.16875
498,Denmark,Qatar,1.9618320610687023
499,Denmark,Romania,1.0
500,Denmark,Russia,1.9936708860759493
501,Denmark,Serbia,1.0217391304347827
502,Denmark,Singapore,1.0220588235294117
503,Denmark,Slovakia,1.0
504,Denmark,Spain,10.040697674418604
505,Denmark,Sweden,16.56418918918919
506,Denmark,Switzerland,7.292134831460674
507,Denmark,Thailand,1.488235294117647
508,Denmark,Turkey,1.8895348837209303
509,Denmark,Ukraine,1.35
510,Denmark,United Arab Emirates,1.5574712643678161
511,Denmark,United Kingdom,19.87226277372263
512,Denmark,United States,4.963855421686747
513,Dominican Republic,Argentina,1.25
514,Dominican Republic,Barbados,1.0
515,Dominican Republic,Belgium,1.0
516,Dominican Republic,Bolivia,1.0
517,Dominican Republic,Brazil,2.4642857142857144
518,Dominican Republic,Canada,7.180327868852459
519,Dominican Republic,Colombia,1.6046511627906976
520,Dominican Republic,Costa Rica,1.0
521,Dominican Republic,Denmark,1.0
522,Dominican Republic,Finland,1.0
523,Dominican Republic,France,1.3529411764705883
524,Dominican Republic,Germany,1.4395604395604396
525,Dominican Republic,Netherlands,1.0
526,Dominican Republic,Poland,1.0
527,Dominican Republic,Puerto Rico,1.1538461538461537
528,Dominican Republic,Russia,1.5
529,Dominican Republic,Spain,1.2962962962962963
530,Dominican Republic,Switzerland,1.0
531,Dominican Republic,United Kingdom,1.2058823529411764
532,Dominican Republic,United States,12.631578947368421
533,Estonia,Austria,1.3625
534,Estonia,Belarus,1.0076923076923077
535,Estonia,Belgium,1.5892857142857142
536,Estonia,Czech Republic,1.0
537,Estonia,Denmark,2.0492957746478875
538,Estonia,Finland,4.677570093457944
539,Estonia,France,1.12
540,Estonia,Germany,3.2155172413793105
541,Estonia,Italy,1.1129032258064515
542,Estonia,Latvia,4.0
543,Estonia,Malta,1.0
544,Estonia,Netherlands,1.0060240963855422
545,Estonia,Norway,1.375
546,Estonia,Poland,1.4329896907216495
547,Estonia,Portugal,1.0
548,Estonia,Russia,2.3179190751445087
549,Estonia,Sweden,3.745614035087719
550,Estonia,Ukraine,1.0125
551,Estonia,United Arab Emirates,1.0
552,Estonia,United Kingdom,1.8522727272727273
553,Finland,Austria,2.1621621621621623
554,Finland,Belarus,1.030612244897959
555,Finland,Belgium,2.22972972972973
556,Finland,Croatia,1.0
557,Finland,Czech Republic,2.038961038961039
558,Finland,Denmark,6.697368421052632
559,Finland,Dominican Republic,1.0
560,Finland,Estonia,4.677570093457944
561,Finland,France,3.037313432835821
562,Finland,Germany,11.68918918918919
563,Finland,Greece,1.0
564,Finland,Hong Kong,1.6
565,Finland,Hungary,1.8630136986301369
566,Finland,Iceland,1.8333333333333333
567,Finland,India,1.0625
568,Finland,Ireland,1.075
569,Finland,Italy,3.352112676056338
570,Finland,Japan,1.1493506493506493
571,Finland,Latvia,8.037974683544304
572,Finland,Luxembourg,1.0
573,Finland,Netherlands,3.8647540983606556
574,Finland,Norway,4.851851851851852
575,Finland,Poland,3.7151898734177213
576,Finland,Portugal,1.6666666666666667
577,Finland,Qatar,1.625
578,Finland,Romania,1.0625
579,Finland,Russia,5.412371134020619
580,Finland,Serbia,1.0
581,Finland,Singapore,1.0078125
582,Finland,Slovakia,1.0
583,Finland,South Korea,1.0444444444444445
584,Finland,Spain,5.1976744186046515
585,Finland,Sweden,16.875838926174495
586,Finland,Switzerland,2.742424242424242
587,Finland,Thailand,2.191860465116279
588,Finland,Turkey,1.05
589,Finland,Ukraine,1.0256410256410255
590,Finland,United Arab Emirates,1.5916666666666666
591,Finland,United Kingdom,6.546979865771812
592,Finland,United States,1.98125
593,France,Algeria,12.272727272727273
594,France,Argentina,1.053191489361702
595,France,Armenia,1.0
596,France,Australia,1.1666666666666667
597,France,Austria,9.461904761904762
598,France,Bahrain,1.0273972602739727
599,France,Barbados,1.0
600,France,Belarus,1.0833333333333333
601,France,Belgium,11.985401459854014
602,France,Brazil,3.4278350515463916
603,France,Canada,4.934931506849315
604,France,China,1.3571428571428572
605,France,Colombia,1.0
606,France,Costa Rica,1.024390243902439
607,France,Croatia,2.0058823529411764
608,France,Czech Republic,7.118556701030927
609,France,Denmark,7.065040650406504
610,France,Dominican Republic,1.3529411764705883
611,France,Estonia,1.12
612,France,Finland,3.037313432835821
613,France,French Polynesia,1.0
614,France,Germany,52.3255033557047
615,France,Greece,3.3832335329341316
616,France,Hong Kong,1.8195876288659794
617,France,Hungary,5.405555555555556
618,France,Iceland,1.5342465753424657
619,France,India,3.8762886597938144
620,France,Ireland,11.441441441441441
621,France,Israel,6.613333333333333
622,France,Italy,37.419463087248324
623,France,Japan,3.2650602409638556
624,France,Kazakhstan,1.5
625,France,Latvia,1.82
626,France,Luxembourg,4.966981132075472
627,France,Malta,3.425
628,France,Mexico,1.0
629,France,Morocco,8.974576271186441
630,France,Netherlands,15.557046979865772
631,France,Norway,4.524390243902439
632,France,Poland,10.482758620689655
633,France,Portugal,29.27310924369748
634,France,Qatar,3.9328859060402683
635,France,Romania,3.6566265060240966
636,France,Russia,11.008547008547009
637,France,Saudi Arabia,1.4883720930232558
638,France,Senegal,2.3333333333333335
639,France,Serbia,2.7153846153846155
640,France,Singapore,2.427536231884058
641,France,Slovakia,1.2857142857142858
642,France,South Africa,1.576086956521739
643,France,South Korea,2.150537634408602
644,France,Spain,41.972972972972975
645,France,Sri Lanka,1.0
646,France,Sweden,5.338345864661654
647,France,Switzerland,21.953237410071942
648,France,Taiwan,1.2448979591836735
649,France,Thailand,2.6868131868131866
650,France,Turkey,5.0594059405940595
651,France,Ukraine,1.6756756756756757
652,France,United Arab Emirates,5.0574324324324325
653,France,United Kingdom,57.211409395973156
654,France,United States,22.22972972972973
655,French Polynesia,Australia,1.0
656,French Polynesia,Canada,1.0
657,French Polynesia,France,1.0
658,French Polynesia,New Zealand,1.1386138613861385
659,French Polynesia,United States,2.488235294117647
660,Germany,Algeria,1.5603448275862069
661,Germany,Argentina,1.0
662,Germany,Armenia,1.3333333333333333
663,Germany,Australia,1.0
664,Germany,Austria,50.624161073825505
665,Germany,Bahrain,2.3214285714285716
666,Germany,Bangladesh,1.0
667,Germany,Barbados,2.25
668,Germany,Belarus,3.0952380952380953
669,Germany,Belgium,18.06711409395973
670,Germany,Brazil,2.573394495412844
671,Germany,Canada,5.439597315436242
672,Germany,China,1.890625
673,Germany,Colombia,1.3604651162790697
674,Germany,Costa Rica,1.2391304347826086
675,Germany,Croatia,7.3232323232323235
676,Germany,Czech Republic,10.23134328358209
677,Germany,Denmark,24.016778523489933
678,Germany,Dominican Republic,1.4395604395604396
679,Germany,Estonia,3.2155172413793105
680,Germany,Finland,11.68918918918919
681,Germany,France,52.3255033557047
682,Germany,Greece,8.935222672064777
683,Germany,Hong Kong,4.54421768707483
684,Germany,Hungary,13.649305555555555
685,Germany,Iceland,3.094736842105263
686,Germany,India,6.637404580152672
687,Germany,Indonesia,1.0
688,Germany,Ireland,12.751677852348994
689,Germany,Israel,7.140776699029126
690,Germany,Italy,64.82885906040268
691,Germany,Japan,3.444954128440367
692,Germany,Kazakhstan,2.447619047619048
693,Germany,Latvia,8.053140096618357
694,Germany,Luxembourg,12.054347826086957
695,Germany,Malaysia,1.3928571428571428
696,Germany,Malta,3.8823529411764706
697,Germany,Mexico,1.0
698,Germany,Morocco,1.8255813953488371
699,Germany,Netherlands,29.996644295302012
700,Germany,Norway,11.169014084507042
701,Germany,Philippines,1.1
702,Germany,Poland,36.551094890510946
703,Germany,Portugal,18.866438356164384
704,Germany,Qatar,6.241610738255034
705,Germany,Romania,7.03030303030303
706,Germany,Russia,27.88255033557047
707,Germany,Saudi Arabia,2.1333333333333333
708,Germany,Senegal,1.0978260869565217
709,Germany,Serbia,6.264705882352941
710,Germany,Singapore,4.183760683760684
711,Germany,Slovakia,2.3087557603686637
712,Germany,South Africa,3.391566265060241
713,Germany,South Korea,7.048275862068966
714,Germany,Spain,62.147651006711406
715,Germany,Sri Lanka,1.0
716,Germany,Sweden,20.859060402684563
717,Germany,Switzerland,46.09060402684564
718,Germany,Taiwan,1.3811475409836065
719,Germany,Thailand,4.471861471861472
720,Germany,Turkey,14.797297297297296
721,Germany,Ukraine,9.055762081784387
722,Germany,United Arab Emirates,12.315436241610739
723,Germany,United Kingdom,95.86577181208054
724,Germany,United States,41.14093959731544
725,Greece,Armenia,1.0
726,Greece,Austria,3.1623376623376624
727,Greece,Bahrain,1.0
728,Greece,Belgium,2.2342857142857144
729,Greece,Croatia,1.0
730,Greece,Czech Republic,1.2647058823529411
731,Greece,Denmark,1.5714285714285714
732,Greece,Finland,1.0
733,Greece,France,3.3832335329341316
734,Greece,Germany,8.935222672064777
735,Greece,Hungary,1.628787878787879
736,Greece,Indonesia,1.0
737,Greece,Ireland,1.2619047619047619
738,Greece,Israel,2.9411764705882355
739,Greece,Italy,8.356164383561644
740,Greece,Kazakhstan,1.4
741,Greece,Latvia,1.0
742,Greece,Luxembourg,1.0
743,Greece,Malta,1.125
744,Greece,Netherlands,3.473333333333333
745,Greece,Norway,1.0
746,Greece,Poland,1.7708333333333333
747,Greece,Portugal,1.0681818181818181
748,Greece,Qatar,1.8146067415730338
749,Greece,Romania,1.9047619047619047
750,Greece,Russia,2.4130434782608696
751,Greece,Saudi Arabia,1.2
752,Greece,Serbia,1.537037037037037
753,Greece,Singapore,1.0
754,Greece,Slovakia,1.0416666666666667
755,Greece,Spain,3.264
756,Greece,Sweden,1.4814814814814814
757,Greece,Switzerland,4.0
758,Greece,Turkey,1.475
759,Greece,Ukraine,1.4027777777777777
760,Greece,United Arab Emirates,1.9230769230769231
761,Greece,United Kingdom,7.644808743169399
762,Greece,United States,1.1285714285714286
763,Hong Kong,Australia,10.288590604026846
764,Hong Kong,Austria,1.0
765,Hong Kong,Bahrain,1.921875
766,Hong Kong,Bangladesh,1.16
767,Hong Kong,Belgium,1.6569767441860466
768,Hong Kong,Canada,3.925925925925926
769,Hong Kong,China,1.8333333333333333
770,Hong Kong,Denmark,1.0
771,Hong Kong,Finland,1.6
772,Hong Kong,France,1.8195876288659794
773,Hong Kong,Germany,4.54421768707483
774,Hong Kong,Hungary,1.0
775,Hong Kong,India,7.456521739130435
776,Hong Kong,Indonesia,1.8387096774193548
777,Hong Kong,Israel,1.3064516129032258
778,Hong Kong,Italy,1.596774193548387
779,Hong Kong,Japan,14.164429530201343
780,Hong Kong,Kazakhstan,1.6404494382022472
781,Hong Kong,Latvia,1.0
782,Hong Kong,Luxembourg,1.543859649122807
783,Hong Kong,Macau,1.5434782608695652
784,Hong Kong,Malaysia,7.389261744966443
785,Hong Kong,Netherlands,1.9353448275862069
786,Hong Kong,New Zealand,2.4444444444444446
787,Hong Kong,Philippines,7.219594594594595
788,Hong Kong,Qatar,3.6375838926174495
789,Hong Kong,Russia,1.5471698113207548
790,Hong Kong,Saudi Arabia,1.1956521739130435
791,Hong Kong,Singapore,11.79861111111111
792,Hong Kong,South Africa,1.0952380952380953
793,Hong Kong,South Korea,12.731543624161073
794,Hong Kong,Spain,1.1555555555555554
795,Hong Kong,Sri Lanka,1.1025641025641026
796,Hong Kong,Sweden,1.0
797,Hong Kong,Switzerland,1.7933333333333332
798,Hong Kong,Taiwan,24.815436241610737
799,Hong Kong,Thailand,14.629893238434164
800,Hong Kong,Turkey,1.3666666666666667
801,Hong Kong,United Arab Emirates,8.125
802,Hong Kong,United Kingdom,6.114093959731544
803,Hong Kong,United States,21.473154362416107
804,Hungary,Austria,2.13953488372093
805,Hungary,Belarus,1.088235294117647
806,Hungary,Belgium,3.70873786407767
807,Hungary,China,1.9583333333333333
808,Hungary,Croatia,1.0
809,Hungary,Czech Republic,2.721774193548387
810,Hungary,Denmark,1.8208955223880596
811,Hungary,Finland,1.8630136986301369
812,Hungary,France,5.405555555555556
813,Hungary,Germany,13.649305555555555
814,Hungary,Greece,1.628787878787879
815,Hungary,Hong Kong,1.0
816,Hungary,Iceland,1.06
817,Hungary,Ireland,2.1724137931034484
818,Hungary,Israel,2.727272727272727
819,Hungary,Italy,8.653333333333334
820,Hungary,Latvia,1.0208333333333333
821,Hungary,Luxembourg,1.1388888888888888
822,Hungary,Malta,1.7083333333333333
823,Hungary,Netherlands,3.2533783783783785
824,Hungary,Norway,1.5845070422535212
825,Hungary,Poland,3.7666666666666666
826,Hungary,Portugal,2.111111111111111
827,Hungary,Qatar,1.845132743362832
828,Hungary,Romania,1.4
829,Hungary,Russia,4.767045454545454
830,Hungary,Serbia,1.2916666666666667
831,Hungary,Slovakia,1.0
832,Hungary,South Korea,1.0
833,Hungary,Spain,4.425742574257426
834,Hungary,Sweden,2.131818181818182
835,Hungary,Switzerland,3.391566265060241
836,Hungary,Turkey,1.22
837,Hungary,Ukraine,1.6346153846153846
838,Hungary,United Arab Emirates,1.8924050632911393
839,Hungary,United Kingdom,12.483221476510067
840,Hungary,United States,1.0714285714285714
841,Iceland,Austria,1.0952380952380953
842,Iceland,Belgium,1.5730337078651686
843,Iceland,Canada,1.6385542168674698
844,Iceland,China,1.0
845,Iceland,Czech Republic,1.1
846,Iceland,Denmark,2.9166666666666665
847,Iceland,Finland,1.8333333333333333
848,Iceland,France,1.5342465753424657
849,Iceland,Germany,3.094736842105263
850,Iceland,Hungary,1.06
851,Iceland,Ireland,1.4085106382978723
852,Iceland,Italy,1.0
853,Iceland,Latvia,1.0151515151515151
854,Iceland,Netherlands,1.412162162162162
855,Iceland,Norway,2.154320987654321
856,Iceland,Poland,1.7358490566037736
857,Iceland,Portugal,1.0
858,Iceland,Russia,1.0
859,Iceland,Spain,1.2222222222222223
860,Iceland,Sweden,1.146341463414634
861,Iceland,Switzerland,1.1147540983606556
862,Iceland,United Kingdom,8.26909090909091
863,Iceland,United States,4.476923076923077
864,India,Australia,1.3125
865,India,Austria,1.0555555555555556
866,India,Bahrain,6.447115384615385
867,India,Bangladesh,4.5
868,India,Belarus,1.0
869,India,Belgium,1.1428571428571428
870,India,Canada,2.725609756097561
871,India,China,1.1625
872,India,Finland,1.0625
873,India,France,3.8762886597938144
874,India,Germany,6.637404580152672
875,India,Hong Kong,7.456521739130435
876,India,Indonesia,1.125
877,India,Israel,1.1627906976744187
878,India,Italy,2.25974025974026
879,India,Japan,1.2894736842105263
880,India,Kazakhstan,1.7215189873417722
881,India,Malaysia,12.19626168224299
882,India,Netherlands,2.3210526315789473
883,India,Philippines,1.0
884,India,Poland,1.0
885,India,Qatar,9.858108108108109
886,India,Russia,2.296511627906977
887,India,Saudi Arabia,6.244318181818182
888,India,Singapore,15.441666666666666
889,India,South Africa,1.2820512820512822
890,India,South Korea,1.8692307692307693
891,India,Spain,1.0
892,India,Sri Lanka,16.218934911242602
893,India,Sweden,1.1666666666666667
894,India,Switzerland,2.2318840579710146
895,India,Taiwan,1.825
896,India,Thailand,20.020833333333332
897,India,Turkey,1.686046511627907
898,India,Ukraine,1.1666666666666667
899,India,United Arab Emirates,34.833333333333336
900,India,United Kingdom,9.774336283185841
901,India,United States,6.715686274509804
902,Indonesia,Australia,2.5172413793103448
903,Indonesia,Belgium,1.0
904,Indonesia,China,1.0
905,Indonesia,Germany,1.0
906,Indonesia,Greece,1.0
907,Indonesia,Hong Kong,1.8387096774193548
908,Indonesia,India,1.125
909,Indonesia,Japan,1.125
910,Indonesia,Malaysia,3.246153846153846
911,Indonesia,New Zealand,1.0
912,Indonesia,Philippines,1.1818181818181819
913,Indonesia,Qatar,1.0
914,Indonesia,Russia,1.0
915,Indonesia,Singapore,2.8766233766233764
916,Indonesia,South Korea,1.2
917,Indonesia,Taiwan,1.5161290322580645
918,Indonesia,Thailand,1.5
919,Indonesia,United Arab Emirates,1.25
920,Indonesia,United Kingdom,1.0
921,Indonesia,United States,1.5
922,Ireland,Armenia,1.0
923,Ireland,Austria,2.2
924,Ireland,Belgium,3.514705882352941
925,Ireland,Canada,1.9513888888888888
926,Ireland,China,1.0
927,Ireland,Croatia,1.0
928,Ireland,Czech Republic,1.6282051282051282
929,Ireland,Denmark,2.575
930,Ireland,Finland,1.075
931,Ireland,France,11.441441441441441
932,Ireland,Germany,12.751677852348994
933,Ireland,Greece,1.2619047619047619
934,Ireland,Hungary,2.1724137931034484
935,Ireland,Iceland,1.4085106382978723
936,Ireland,Israel,1.25
937,Ireland,Italy,9.025974025974026
938,Ireland,Latvia,1.5746268656716418
939,Ireland,Luxembourg,1.607843137254902
940,Ireland,Malta,1.3076923076923077
941,Ireland,Morocco,1.0
942,Ireland,Netherlands,8.485915492957746
943,Ireland,Norway,1.48
944,Ireland,Poland,5.558510638297872
945,Ireland,Portugal,4.189516129032258
946,Ireland,Qatar,1.123931623931624
947,Ireland,Romania,1.2115384615384615
948,Ireland,Russia,1.173913043478261
949,Ireland,Saudi Arabia,1.0833333333333333
950,Ireland,Senegal,1.0
951,Ireland,Slovakia,1.0423728813559323
952,Ireland,Spain,10.23076923076923
953,Ireland,Sweden,1.548780487804878
954,Ireland,Switzerland,4.416666666666667
955,Ireland,Turkey,1.0
956,Ireland,Ukraine,1.0333333333333334
957,Ireland,United Arab Emirates,2.3202247191011236
958,Ireland,United Kingdom,80.33221476510067
959,Ireland,United States,11.691275167785236
960,Israel,Armenia,1.0
961,Israel,Austria,4.131944444444445
962,Israel,Belarus,1.0
963,Israel,Belgium,2.6325301204819276
964,Israel,Brazil,1.0
965,Israel,Canada,1.3066666666666666
966,Israel,China,1.1333333333333333
967,Israel,Croatia,1.0
968,Israel,Czech Republic,2.1058823529411765
969,Israel,Denmark,1.1111111111111112
970,Israel,France,6.613333333333333
971,Israel,Germany,7.140776699029126
972,Israel,Greece,2.9411764705882355
973,Israel,Hong Kong,1.3064516129032258
974,Israel,Hungary,2.727272727272727
975,Israel,India,1.1627906976744187
976,Israel,Ireland,1.25
977,Israel,Italy,6.9375
978,Israel,Kazakhstan,1.0
979,Israel,Latvia,1.0
980,Israel,Malta,1.0869565217391304
981,Israel,Netherlands,3.293103448275862
982,Israel,Poland,5.03
983,Israel,Portugal,1.2619047619047619
984,Israel,Qatar,1.0
985,Israel,Romania,2.0754716981132075
986,Israel,Russia,4.836601307189542
987,Israel,Serbia,1.0
988,Israel,South Africa,1.25
989,Israel,South Korea,1.0
990,Israel,Spain,4.186991869918699
991,Israel,Sweden,1.0357142857142858
992,Israel,Switzerland,3.709090909090909
993,Israel,Thailand,1.4761904761904763
994,Israel,Turkey,3.0058823529411764
995,Israel,Ukraine,2.376146788990826
996,Israel,United Arab Emirates,1.0
997,Israel,United Kingdom,4.794520547945205
998,Israel,United States,4.605633802816901
999,Italy,Algeria,2.4601769911504423
1000,Italy,Argentina,1.683673469387755
1001,Italy,Armenia,1.9
1002,Italy,Australia,1.0
1003,Italy,Austria,11.970238095238095
1004,Italy,Bahrain,1.1944444444444444
1005,Italy,Belarus,1.0945945945945945
1006,Italy,Belgium,13.5
1007,Italy,Bolivia,1.0
1008,Italy,Brazil,2.994186046511628
1009,Italy,Canada,1.1
1010,Italy,China,1.2941176470588236
1011,Italy,Croatia,1.6923076923076923
1012,Italy,Czech Republic,8.0125
1013,Italy,Denmark,7.986486486486487
1014,Italy,Estonia,1.1129032258064515
1015,Italy,Finland,3.352112676056338
1016,Italy,France,37.419463087248324
1017,Italy,Germany,64.82885906040268
1018,Italy,Greece,8.356164383561644
1019,Italy,Hong Kong,1.596774193548387
1020,Italy,Hungary,8.653333333333334
1021,Italy,Iceland,1.0
1022,Italy,India,2.25974025974026
1023,Italy,Ireland,9.025974025974026
1024,Italy,Israel,6.9375
1025,Italy,Japan,1.0
1026,Italy,Latvia,2.4661016949152543
1027,Italy,Luxembourg,5.294642857142857
1028,Italy,Macau,1.0
1029,Italy,Malaysia,1.0
1030,Italy,Malta,6.154639175257732
1031,Italy,Mexico,1.5
1032,Italy,Morocco,3.517857142857143
1033,Italy,Netherlands,19.957142857142856
1034,Italy,Norway,1.851063829787234
1035,Italy,Philippines,1.0
1036,Italy,Poland,15.031645569620252
1037,Italy,Portugal,17.472602739726028
1038,Italy,Qatar,4.786821705426356
1039,Italy,Romania,7.158227848101266
1040,Italy,Russia,17.21031746031746
1041,Italy,Saudi Arabia,1.2976190476190477
1042,Italy,Senegal,1.2641509433962264
1043,Italy,Serbia,2.7117117117117115
1044,Italy,Singapore,1.5350877192982457
1045,Italy,Slovakia,1.4285714285714286
1046,Italy,South Africa,1.2105263157894737
1047,Italy,South Korea,2.4909090909090907
1048,Italy,Spain,38.496428571428574
1049,Italy,Sweden,4.212328767123288
1050,Italy,Switzerland,12.784671532846716
1051,Italy,Taiwan,1.0
1052,Italy,Thailand,1.6160714285714286
1053,Italy,Turkey,4.297752808988764
1054,Italy,Ukraine,2.9823529411764707
1055,Italy,United Arab Emirates,7.122222222222222
1056,Italy,United Kingdom,54.79530201342282
1057,Italy,United States,7.803030303030303
1058,Japan,Australia,3.5598290598290596
1059,Japan,Austria,1.0263157894736843
1060,Japan,Belgium,1.0
1061,Japan,Canada,1.7551020408163265
1062,Japan,China,3.327956989247312
1063,Japan,Finland,1.1493506493506493
1064,Japan,France,3.2650602409638556
1065,Japan,Germany,3.444954128440367
1066,Japan,Hong Kong,14.164429530201343
1067,Japan,India,1.2894736842105263
1068,Japan,Indonesia,1.125
1069,Japan,Italy,1.0
1070,Japan,Macau,2.19327731092437
1071,Japan,Malaysia,3.564516129032258
1072,Japan,Netherlands,1.191860465116279
1073,Japan,New Zealand,1.1379310344827587
1074,Japan,Philippines,7.384615384615385
1075,Japan,Qatar,1.1363636363636365
1076,Japan,Russia,1.1666666666666667
1077,Japan,Singapore,8.405172413793103
1078,Japan,South Korea,25.77891156462585
1079,Japan,Switzerland,1.0
1080,Japan,Taiwan,24.073825503355703
1081,Japan,Thailand,9.110714285714286
1082,Japan,United Arab Emirates,1.3537735849056605
1083,Japan,United Kingdom,2.7337662337662336
1084,Japan,United States,11.302013422818792
1085,Kazakhstan,Armenia,1.0
1086,Kazakhstan,Belarus,1.0
1087,Kazakhstan,China,2.25
1088,Kazakhstan,Czech Republic,1.0
1089,Kazakhstan,France,1.5
1090,Kazakhstan,Germany,2.447619047619048
1091,Kazakhstan,Greece,1.4
1092,Kazakhstan,Hong Kong,1.6404494382022472
1093,Kazakhstan,India,1.7215189873417722
1094,Kazakhstan,Israel,1.0
1095,Kazakhstan,Latvia,1.0
1096,Kazakhstan,Malaysia,1.0
1097,Kazakhstan,Netherlands,1.125
1098,Kazakhstan,Qatar,1.0
1099,Kazakhstan,Romania,1.3125
1100,Kazakhstan,Russia,6.43956043956044
1101,Kazakhstan,South Korea,1.2674418604651163
1102,Kazakhstan,Sri Lanka,1.0
1103,Kazakhstan,Taiwan,1.0
1104,Kazakhstan,Thailand,1.010204081632653
1105,Kazakhstan,Turkey,2.112033195020747
1106,Kazakhstan,Ukraine,1.855263157894737
1107,Kazakhstan,United Arab Emirates,2.607142857142857
1108,Kazakhstan,United Kingdom,1.25
1109,Kazakhstan,United States,1.0
1110,Latvia,Armenia,1.0
1111,Latvia,Austria,2.1474358974358974
1112,Latvia,Belarus,1.2992700729927007
1113,Latvia,Belgium,1.911764705882353
1114,Latvia,Czech Republic,1.3214285714285714
1115,Latvia,Denmark,4.571428571428571
1116,Latvia,Estonia,4.0
1117,Latvia,Finland,8.037974683544304
1118,Latvia,France,1.82
1119,Latvia,Germany,8.053140096618357
1120,Latvia,Greece,1.0
1121,Latvia,Hong Kong,1.0
1122,Latvia,Hungary,1.0208333333333333
1123,Latvia,Iceland,1.0151515151515151
1124,Latvia,Ireland,1.5746268656716418
1125,Latvia,Israel,1.0
1126,Latvia,Italy,2.4661016949152543
1127,Latvia,Kazakhstan,1.0
1128,Latvia,Malta,1.0
1129,Latvia,Netherlands,2.097826086956522
1130,Latvia,Norway,3.131868131868132
1131,Latvia,Poland,2.1283783783783785
1132,Latvia,Portugal,1.0
1133,Latvia,Russia,10.094594594594595
1134,Latvia,Slovakia,1.0
1135,Latvia,Spain,1.7083333333333333
1136,Latvia,Sweden,5.180722891566265
1137,Latvia,Switzerland,1.4078947368421053
1138,Latvia,Ukraine,3.130434782608696
1139,Latvia,United Arab Emirates,1.0
1140,Latvia,United Kingdom,6.02906976744186
1141,Luxembourg,Austria,3.3392857142857144
1142,Luxembourg,Bahrain,1.0
1143,Luxembourg,Belgium,1.0
1144,Luxembourg,Brazil,1.0862068965517242
1145,Luxembourg,Canada,1.0
1146,Luxembourg,Czech Republic,1.0
1147,Luxembourg,Denmark,2.4015151515151514
1148,Luxembourg,Finland,1.0
1149,Luxembourg,France,4.966981132075472
1150,Luxembourg,Germany,12.054347826086957
1151,Luxembourg,Greece,1.0
1152,Luxembourg,Hong Kong,1.543859649122807
1153,Luxembourg,Hungary,1.1388888888888888
1154,Luxembourg,Ireland,1.607843137254902
1155,Luxembourg,Italy,5.294642857142857
1156,Luxembourg,Malaysia,1.0
1157,Luxembourg,Malta,1.0625
1158,Luxembourg,Netherlands,3.3944444444444444
1159,Luxembourg,Poland,1.7333333333333334
1160,Luxembourg,Portugal,6.029411764705882
1161,Luxembourg,Qatar,2.259493670886076
1162,Luxembourg,Russia,1.9857142857142858
1163,Luxembourg,Singapore,1.0
1164,Luxembourg,South Korea,1.0
1165,Luxembourg,Spain,3.4761904761904763
1166,Luxembourg,Sweden,1.0
1167,Luxembourg,Switzerland,4.694117647058824
1168,Luxembourg,Taiwan,1.0555555555555556
1169,Luxembourg,Thailand,1.2105263157894737
1170,Luxembourg,United Arab Emirates,1.9451219512195121
1171,Luxembourg,United Kingdom,8.158415841584159
1172,Luxembourg,United States,4.15034965034965
1173,Macau,Australia,1.0
1174,Macau,China,1.5689655172413792
1175,Macau,Hong Kong,1.5434782608695652
1176,Macau,Italy,1.0
1177,Macau,Japan,2.19327731092437
1178,Macau,Malaysia,2.277027027027027
1179,Macau,Philippines,4.8428571428571425
1180,Macau,Singapore,1.75
1181,Macau,South Korea,6.7125
1182,Macau,Taiwan,5.869230769230769
1183,Macau,Thailand,3.2875
1184,Macau,United States,1.0
1185,Malaysia,Australia,11.42517006802721
1186,Malaysia,Bangladesh,2.130434782608696
1187,Malaysia,China,3.485611510791367
1188,Malaysia,Germany,1.3928571428571428
1189,Malaysia,Hong Kong,7.389261744966443
1190,Malaysia,India,12.19626168224299
1191,Malaysia,Indonesia,3.246153846153846
1192,Malaysia,Italy,1.0
1193,Malaysia,Japan,3.564516129032258
1194,Malaysia,Kazakhstan,1.0
1195,Malaysia,Luxembourg,1.0
1196,Malaysia,Macau,2.277027027027027
1197,Malaysia,Netherlands,1.006578947368421
1198,Malaysia,New Zealand,1.3305084745762712
1199,Malaysia,Philippines,7.322916666666667
1200,Malaysia,Qatar,2.2338129496402876
1201,Malaysia,Saudi Arabia,1.075
1202,Malaysia,Singapore,29.085271317829456
1203,Malaysia,South Korea,8.617021276595745
1204,Malaysia,Sri Lanka,4.556962025316456
1205,Malaysia,Switzerland,1.0
1206,Malaysia,Taiwan,5.702702702702703
1207,Malaysia,Thailand,15.720588235294118
1208,Malaysia,Turkey,1.0833333333333333
1209,Malaysia,United Arab Emirates,3.6236559139784945
1210,Malaysia,United Kingdom,2.5051020408163267
1211,Malta,Austria,1.1911764705882353
1212,Malta,Belgium,1.7328767123287672
1213,Malta,Czech Republic,1.0
1214,Malta,Denmark,1.2096774193548387
1215,Malta,Estonia,1.0
1216,Malta,France,3.425
1217,Malta,Germany,3.8823529411764706
1218,Malta,Greece,1.125
1219,Malta,Hungary,1.7083333333333333
1220,Malta,Ireland,1.3076923076923077
1221,Malta,Israel,1.0869565217391304
1222,Malta,Italy,6.154639175257732
1223,Malta,Latvia,1.0
1224,Malta,Luxembourg,1.0625
1225,Malta,Morocco,1.0
1226,Malta,Netherlands,1.2280701754385965
1227,Malta,Poland,1.6896551724137931
1228,Malta,Portugal,1.109375
1229,Malta,Qatar,1.0256410256410255
1230,Malta,Romania,1.0
1231,Malta,Russia,1.0
1232,Malta,Serbia,1.0833333333333333
1233,Malta,Slovakia,1.0
1234,Malta,Spain,1.85
1235,Malta,Sweden,1.121212121212121
1236,Malta,Switzerland,1.2450980392156863
1237,Malta,Ukraine,1.0
1238,Malta,United Arab Emirates,1.096774193548387
1239,Malta,United Kingdom,6.769547325102881
1240,Malta,United States,1.0
1241,Mexico,Argentina,1.125
1242,Mexico,Brazil,1.0
1243,Mexico,Canada,5.051546391752577
1244,Mexico,Colombia,2.95
1245,Mexico,Costa Rica,1.8108108108108107
1246,Mexico,France,1.0
1247,Mexico,Germany,1.0
1248,Mexico,Italy,1.5
1249,Mexico,Spain,1.0
1250,Mexico,Switzerland,1.0
1251,Mexico,United Kingdom,1.5
1252,Mexico,United States,12.255555555555556
1253,Morocco,Algeria,1.2941176470588236
1254,Morocco,Austria,1.0
1255,Morocco,Bahrain,1.0
1256,Morocco,Belgium,2.929936305732484
1257,Morocco,Brazil,1.0
1258,Morocco,Canada,1.32
1259,Morocco,Czech Republic,1.0
1260,Morocco,Denmark,1.0
1261,Morocco,France,8.974576271186441
1262,Morocco,Germany,1.8255813953488371
1263,Morocco,Ireland,1.0
1264,Morocco,Italy,3.517857142857143
1265,Morocco,Malta,1.0
1266,Morocco,Netherlands,1.746031746031746
1267,Morocco,Portugal,2.620967741935484
1268,Morocco,Qatar,1.1428571428571428
1269,Morocco,Russia,1.0
1270,Morocco,Saudi Arabia,1.0
1271,Morocco,Senegal,1.4705882352941178
1272,Morocco,Serbia,1.0
1273,Morocco,South Korea,1.0
1274,Morocco,Spain,5.419689119170984
1275,Morocco,Sweden,1.0
1276,Morocco,Switzerland,1.2325581395348837
1277,Morocco,Turkey,1.2432432432432432
1278,Morocco,United Arab Emirates,1.05
1279,Morocco,United Kingdom,2.1968503937007875
1280,Morocco,United States,1.5714285714285714
1281,Netherlands,Argentina,1.0520833333333333
1282,Netherlands,Austria,11.981481481481481
1283,Netherlands,Bahrain,1.0
1284,Netherlands,Belarus,1.008
1285,Netherlands,Belgium,3.279166666666667
1286,Netherlands,Brazil,1.8101851851851851
1287,Netherlands,Canada,3.2477064220183487
1288,Netherlands,China,1.3888888888888888
1289,Netherlands,Colombia,1.0862068965517242
1290,Netherlands,Costa Rica,1.0
1291,Netherlands,Croatia,1.1354166666666667
1292,Netherlands,Czech Republic,4.853448275862069
1293,Netherlands,Denmark,11.310077519379846
1294,Netherlands,Dominican Republic,1.0
1295,Netherlands,Estonia,1.0060240963855422
1296,Netherlands,Finland,3.8647540983606556
1297,Netherlands,France,15.557046979865772
1298,Netherlands,Germany,29.996644295302012
1299,Netherlands,Greece,3.473333333333333
1300,Netherlands,Hong Kong,1.9353448275862069
1301,Netherlands,Hungary,3.2533783783783785
1302,Netherlands,Iceland,1.412162162162162
1303,Netherlands,India,2.3210526315789473
1304,Netherlands,Ireland,8.485915492957746
1305,Netherlands,Israel,3.293103448275862
1306,Netherlands,Italy,19.957142857142856
1307,Netherlands,Japan,1.191860465116279
1308,Netherlands,Kazakhstan,1.125
1309,Netherlands,Latvia,2.097826086956522
1310,Netherlands,Luxembourg,3.3944444444444444
1311,Netherlands,Malaysia,1.006578947368421
1312,Netherlands,Malta,1.2280701754385965
1313,Netherlands,Morocco,1.746031746031746
1314,Netherlands,Norway,8.183035714285714
1315,Netherlands,Poland,11.75
1316,Netherlands,Portugal,8.892086330935252
1317,Netherlands,Qatar,2.4496644295302015
1318,Netherlands,Romania,2.6666666666666665
1319,Netherlands,Russia,5.479508196721311
1320,Netherlands,Saudi Arabia,1.175
1321,Netherlands,Senegal,1.25
1322,Netherlands,Serbia,1.9583333333333333
1323,Netherlands,Singapore,1.7647058823529411
1324,Netherlands,Slovakia,1.0465116279069768
1325,Netherlands,South Africa,1.946236559139785
1326,Netherlands,South Korea,1.8859649122807018
1327,Netherlands,Spain,23.475409836065573
1328,Netherlands,Sweden,6.882758620689655
1329,Netherlands,Switzerland,10.303571428571429
1330,Netherlands,Taiwan,1.743801652892562
1331,Netherlands,Thailand,1.489247311827957
1332,Netherlands,Turkey,3.8541666666666665
1333,Netherlands,Ukraine,1.7771084337349397
1334,Netherlands,United Arab Emirates,4.636054421768708
1335,Netherlands,United Kingdom,55.0
1336,Netherlands,United States,20.06040268456376
1337,New Zealand,Argentina,1.1666666666666667
1338,New Zealand,Australia,34.24662162162162
1339,New Zealand,Canada,1.4623655913978495
1340,New Zealand,China,1.2142857142857142
1341,New Zealand,French Polynesia,1.1386138613861385
1342,New Zealand,Hong Kong,2.4444444444444446
1343,New Zealand,Indonesia,1.0
1344,New Zealand,Japan,1.1379310344827587
1345,New Zealand,Malaysia,1.3305084745762712
1346,New Zealand,Philippines,1.0
1347,New Zealand,Qatar,1.053921568627451
1348,New Zealand,Singapore,4.135294117647059
1349,New Zealand,South Korea,1.8727272727272728
1350,New Zealand,Taiwan,1.037037037037037
1351,New Zealand,Thailand,1.0813953488372092
1352,New Zealand,United Arab Emirates,1.7469135802469136
1353,New Zealand,United States,5.398550724637682
1354,Norway,Austria,2.9224137931034484
1355,Norway,Belgium,3.363013698630137
1356,Norway,Croatia,1.0
1357,Norway,Czech Republic,1.1416666666666666
1358,Norway,Denmark,16.445945945945947
1359,Norway,Estonia,1.375
1360,Norway,Finland,4.851851851851852
1361,Norway,France,4.524390243902439
1362,Norway,Germany,11.169014084507042
1363,Norway,Greece,1.0
1364,Norway,Hungary,1.5845070422535212
1365,Norway,Iceland,2.154320987654321
1366,Norway,Ireland,1.48
1367,Norway,Italy,1.851063829787234
1368,Norway,Latvia,3.131868131868132
1369,Norway,Netherlands,8.183035714285714
1370,Norway,Poland,8.573033707865168
1371,Norway,Portugal,1.1602564102564104
1372,Norway,Qatar,1.7345132743362832
1373,Norway,Romania,1.0
1374,Norway,Russia,1.888157894736842
1375,Norway,Serbia,1.0
1376,Norway,Slovakia,1.0
1377,Norway,Spain,4.840425531914893
1378,Norway,Sweden,12.260135135135135
1379,Norway,Switzerland,2.8209876543209877
1380,Norway,Thailand,1.328125
1381,Norway,Turkey,1.1136363636363635
1382,Norway,Ukraine,1.0555555555555556
1383,Norway,United Arab Emirates,1.2727272727272727
1384,Norway,United Kingdom,17.044642857142858
1385,Norway,United States,2.040983606557377
1386,Philippines,Australia,4.3311688311688314
1387,Philippines,Bahrain,1.0
1388,Philippines,Belarus,1.0
1389,Philippines,Canada,1.8782051282051282
1390,Philippines,China,1.7673267326732673
1391,Philippines,Germany,1.1
1392,Philippines,Hong Kong,7.219594594594595
1393,Philippines,India,1.0
1394,Philippines,Indonesia,1.1818181818181819
1395,Philippines,Italy,1.0
1396,Philippines,Japan,7.384615384615385
1397,Philippines,Macau,4.8428571428571425
1398,Philippines,Malaysia,7.322916666666667
1399,Philippines,New Zealand,1.0
1400,Philippines,Qatar,2.879432624113475
1401,Philippines,Saudi Arabia,1.9285714285714286
1402,Philippines,Singapore,12.536697247706423
1403,Philippines,South Korea,9.018115942028986
1404,Philippines,Spain,1.5
1405,Philippines,Taiwan,7.3
1406,Philippines,Thailand,6.601063829787234
1407,Philippines,United Arab Emirates,4.435643564356436
1408,Philippines,United Kingdom,1.1216216216216217
1409,Philippines,United States,4.15979381443299
1410,Poland,Armenia,1.0
1411,Poland,Austria,6.12
1412,Poland,Belarus,1.9507042253521127
1413,Poland,Belgium,5.366935483870968
1414,Poland,Canada,1.0227272727272727
1415,Poland,Croatia,1.3863636363636365
1416,Poland,Czech Republic,3.006172839506173
1417,Poland,Denmark,10.452380952380953
1418,Poland,Dominican Republic,1.0
1419,Poland,Estonia,1.4329896907216495
1420,Poland,Finland,3.7151898734177213
1421,Poland,France,10.482758620689655
1422,Poland,Germany,36.551094890510946
1423,Poland,Greece,1.7708333333333333
1424,Poland,Hungary,3.7666666666666666
1425,Poland,Iceland,1.7358490566037736
1426,Poland,India,1.0
1427,Poland,Ireland,5.558510638297872
1428,Poland,Israel,5.03
1429,Poland,Italy,15.031645569620252
1430,Poland,Latvia,2.1283783783783785
1431,Poland,Luxembourg,1.7333333333333334
1432,Poland,Malta,1.6896551724137931
1433,Poland,Netherlands,11.75
1434,Poland,Norway,8.573033707865168
1435,Poland,Portugal,1.8529411764705883
1436,Poland,Qatar,2.5337837837837838
1437,Poland,Romania,2.75
1438,Poland,Russia,5.554216867469879
1439,Poland,Serbia,1.49
1440,Poland,Singapore,1.0625
1441,Poland,Slovakia,1.73
1442,Poland,South Korea,1.025
1443,Poland,Spain,5.9476744186046515
1444,Poland,Sri Lanka,1.0
1445,Poland,Sweden,10.380952380952381
1446,Poland,Switzerland,6.724719101123595
1447,Poland,Taiwan,1.0
1448,Poland,Thailand,1.15625
1449,Poland,Turkey,1.15
1450,Poland,Ukraine,6.537190082644628
1451,Poland,United Arab Emirates,2.7777777777777777
1452,Poland,United Kingdom,41.14678899082569
1453,Poland,United States,2.895
1454,Portugal,Algeria,1.0
1455,Portugal,Austria,3.592391304347826
1456,Portugal,Barbados,1.0
1457,Portugal,Belgium,5.904
1458,Portugal,Brazil,5.686274509803922
1459,Portugal,Canada,2.1158536585365852
1460,Portugal,Croatia,1.0
1461,Portugal,Czech Republic,1.3278688524590163
1462,Portugal,Denmark,2.16875
1463,Portugal,Estonia,1.0
1464,Portugal,Finland,1.6666666666666667
1465,Portugal,France,29.27310924369748
1466,Portugal,Germany,18.866438356164384
1467,Portugal,Greece,1.0681818181818181
1468,Portugal,Hungary,2.111111111111111
1469,Portugal,Iceland,1.0
1470,Portugal,Ireland,4.189516129032258
1471,Portugal,Israel,1.2619047619047619
1472,Portugal,Italy,17.472602739726028
1473,Portugal,Latvia,1.0
1474,Portugal,Luxembourg,6.029411764705882
1475,Portugal,Malta,1.109375
1476,Portugal,Morocco,2.620967741935484
1477,Portugal,Netherlands,8.892086330935252
1478,Portugal,Norway,1.1602564102564104
1479,Portugal,Poland,1.8529411764705883
1480,Portugal,Qatar,1.0069444444444444
1481,Portugal,Romania,1.2142857142857142
1482,Portugal,Russia,1.7435897435897436
1483,Portugal,Senegal,1.3650793650793651
1484,Portugal,Serbia,1.0
1485,Portugal,South Africa,1.0
1486,Portugal,Spain,33.09375
1487,Portugal,Sweden,1.6726190476190477
1488,Portugal,Switzerland,12.166666666666666
1489,Portugal,Turkey,1.1333333333333333
1490,Portugal,Ukraine,1.0
1491,Portugal,United Arab Emirates,2.1933333333333334
1492,Portugal,United Kingdom,25.864583333333332
1493,Portugal,United States,7.456989247311828
1494,Puerto Rico,Barbados,1.0
1495,Puerto Rico,Canada,2.1333333333333333
1496,Puerto Rico,Colombia,1.0
1497,Puerto Rico,Dominican Republic,1.1538461538461537
1498,Puerto Rico,United States,31.98148148148148
1499,Qatar,Algeria,1.013157894736842
1500,Qatar,Armenia,1.0571428571428572
1501,Qatar,Australia,4.533557046979865
1502,Qatar,Austria,1.9690265486725664
1503,Qatar,Bahrain,1.6219512195121952
1504,Qatar,Bangladesh,2.25531914893617
1505,Qatar,Belgium,3.5874125874125875
1506,Qatar,Brazil,1.0542168674698795
1507,Qatar,Canada,1.329268292682927
1508,Qatar,China,1.25
1509,Qatar,Croatia,1.802325581395349
1510,Qatar,Czech Republic,1.933673469387755
1511,Qatar,Denmark,1.9618320610687023
1512,Qatar,Finland,1.625
1513,Qatar,France,3.9328859060402683
1514,Qatar,Germany,6.241610738255034
1515,Qatar,Greece,1.8146067415730338
1516,Qatar,Hong Kong,3.6375838926174495
1517,Qatar,Hungary,1.845132743362832
1518,Qatar,India,9.858108108108109
1519,Qatar,Indonesia,1.0
1520,Qatar,Ireland,1.123931623931624
1521,Qatar,Israel,1.0
1522,Qatar,Italy,4.786821705426356
1523,Qatar,Japan,1.1363636363636365
1524,Qatar,Kazakhstan,1.0
1525,Qatar,Luxembourg,2.259493670886076
1526,Qatar,Malaysia,2.2338129496402876
1527,Qatar,Malta,1.0256410256410255
1528,Qatar,Morocco,1.1428571428571428
1529,Qatar,Netherlands,2.4496644295302015
1530,Qatar,New Zealand,1.053921568627451
1531,Qatar,Norway,1.7345132743362832
1532,Qatar,Philippines,2.879432624113475
1533,Qatar,Poland,2.5337837837837838
1534,Qatar,Portugal,1.0069444444444444
1535,Qatar,Romania,1.435897435897436
1536,Qatar,Russia,3.9130434782608696
1537,Qatar,Saudi Arabia,1.0
1538,Qatar,Serbia,1.0
1539,Qatar,Singapore,2.3785714285714286
1540,Qatar,South Africa,2.3262032085561497
1541,Qatar,South Korea,1.5
1542,Qatar,Spain,4.285714285714286
1543,Qatar,Sri Lanka,4.36322869955157
1544,Qatar,Sweden,2.5846774193548385
1545,Qatar,Switzerland,2.3653846153846154
1546,Qatar,Thailand,5.071969696969697
1547,Qatar,Turkey,4.445945945945946
1548,Qatar,Ukraine,1.7094594594594594
1549,Qatar,United Arab Emirates,1.0833333333333333
1550,Qatar,United Kingdom,11.560402684563758
1551,Qatar,United States,7.197183098591549
1552,Romania,Armenia,1.0
1553,Romania,Austria,3.1194029850746268
1554,Romania,Belgium,2.28125
1555,Romania,Czech Republic,1.131578947368421
1556,Romania,Denmark,1.0
1557,Romania,Finland,1.0625
1558,Romania,France,3.6566265060240966
1559,Romania,Germany,7.03030303030303
1560,Romania,Greece,1.9047619047619047
1561,Romania,Hungary,1.4
1562,Romania,Ireland,1.2115384615384615
1563,Romania,Israel,2.0754716981132075
1564,Romania,Italy,7.158227848101266
1565,Romania,Kazakhstan,1.3125
1566,Romania,Malta,1.0
1567,Romania,Netherlands,2.6666666666666665
1568,Romania,Norway,1.0
1569,Romania,Poland,2.75
1570,Romania,Portugal,1.2142857142857142
1571,Romania,Qatar,1.435897435897436
1572,Romania,Russia,1.6451612903225807
1573,Romania,Saudi Arabia,1.0
1574,Romania,Serbia,1.125
1575,Romania,Slovakia,1.0
1576,Romania,Spain,4.39375
1577,Romania,Sweden,1.596774193548387
1578,Romania,Switzerland,1.4137931034482758
1579,Romania,Turkey,1.108695652173913
1580,Romania,United Arab Emirates,1.875
1581,Romania,United Kingdom,6.606481481481482
1582,Romania,United States,1.0
1583,Russia,Algeria,1.0
1584,Russia,Armenia,10.853982300884956
1585,Russia,Australia,1.0
1586,Russia,Austria,7.878504672897196
1587,Russia,Bahrain,1.3028169014084507
1588,Russia,Belarus,16.655
1589,Russia,Belgium,3.1869565217391305
1590,Russia,China,1.896551724137931
1591,Russia,Croatia,1.0432098765432098
1592,Russia,Czech Republic,10.9438202247191
1593,Russia,Denmark,1.9936708860759493
1594,Russia,Dominican Republic,1.5
1595,Russia,Estonia,2.3179190751445087
1596,Russia,Finland,5.412371134020619
1597,Russia,France,11.008547008547009
1598,Russia,Germany,27.88255033557047
1599,Russia,Greece,2.4130434782608696
1600,Russia,Hong Kong,1.5471698113207548
1601,Russia,Hungary,4.767045454545454
1602,Russia,Iceland,1.0
1603,Russia,India,2.296511627906977
1604,Russia,Indonesia,1.0
1605,Russia,Ireland,1.173913043478261
1606,Russia,Israel,4.836601307189542
1607,Russia,Italy,17.21031746031746
1608,Russia,Japan,1.1666666666666667
1609,Russia,Kazakhstan,6.43956043956044
1610,Russia,Latvia,10.094594594594595
1611,Russia,Luxembourg,1.9857142857142858
1612,Russia,Malta,1.0
1613,Russia,Morocco,1.0
1614,Russia,Netherlands,5.479508196721311
1615,Russia,Norway,1.888157894736842
1616,Russia,Poland,5.554216867469879
1617,Russia,Portugal,1.7435897435897436
1618,Russia,Qatar,3.9130434782608696
1619,Russia,Romania,1.6451612903225807
1620,Russia,Saudi Arabia,1.5
1621,Russia,Serbia,3.738255033557047
1622,Russia,Singapore,1.1914893617021276
1623,Russia,Slovakia,1.06
1624,Russia,South Korea,2.4950980392156863
1625,Russia,Spain,6.971774193548387
1626,Russia,Sri Lanka,1.4
1627,Russia,Sweden,2.96875
1628,Russia,Switzerland,8.471698113207546
1629,Russia,Taiwan,1.1666666666666667
1630,Russia,Thailand,4.594059405940594
1631,Russia,Turkey,3.3423423423423424
1632,Russia,Ukraine,1.0
1633,Russia,United Arab Emirates,14.382352941176471
1634,Russia,United Kingdom,9.326923076923077
1635,Russia,United States,3.931451612903226
1636,Saudi Arabia,Australia,1.0
1637,Saudi Arabia,Austria,1.0
1638,Saudi Arabia,Bahrain,5.423357664233577
1639,Saudi Arabia,Bangladesh,2.0854700854700856
1640,Saudi Arabia,Belgium,1.1666666666666667
1641,Saudi Arabia,France,1.4883720930232558
1642,Saudi Arabia,Germany,2.1333333333333333
1643,Saudi Arabia,Greece,1.2
1644,Saudi Arabia,Hong Kong,1.1956521739130435
1645,Saudi Arabia,India,6.244318181818182
1646,Saudi Arabia,Ireland,1.0833333333333333
1647,Saudi Arabia,Italy,1.2976190476190477
1648,Saudi Arabia,Malaysia,1.075
1649,Saudi Arabia,Morocco,1.0
1650,Saudi Arabia,Netherlands,1.175
1651,Saudi Arabia,Philippines,1.9285714285714286
1652,Saudi Arabia,Qatar,1.0
1653,Saudi Arabia,Romania,1.0
1654,Saudi Arabia,Russia,1.5
1655,Saudi Arabia,Senegal,1.0
1656,Saudi Arabia,Singapore,1.0
1657,Saudi Arabia,Spain,1.0588235294117647
1658,Saudi Arabia,Sri Lanka,1.8934426229508197
1659,Saudi Arabia,Switzerland,1.467741935483871
1660,Saudi Arabia,Thailand,1.0
1661,Saudi Arabia,Turkey,1.9493670886075949
1662,Saudi Arabia,United Arab Emirates,15.758503401360544
1663,Saudi Arabia,United Kingdom,2.02027027027027
1664,Saudi Arabia,United States,1.3928571428571428
1665,Senegal,Algeria,1.1285714285714286
1666,Senegal,Belgium,1.1612903225806452
1667,Senegal,Brazil,1.3582089552238805
1668,Senegal,Czech Republic,1.0
1669,Senegal,France,2.3333333333333335
1670,Senegal,Germany,1.0978260869565217
1671,Senegal,Ireland,1.0
1672,Senegal,Italy,1.2641509433962264
1673,Senegal,Morocco,1.4705882352941178
1674,Senegal,Netherlands,1.25
1675,Senegal,Portugal,1.3650793650793651
1676,Senegal,Saudi Arabia,1.0
1677,Senegal,South Africa,1.1428571428571428
1678,Senegal,Spain,1.3543307086614174
1679,Senegal,Switzerland,1.0
1680,Senegal,Turkey,1.25
1681,Senegal,United Arab Emirates,1.05
1682,Senegal,United Kingdom,1.0
1683,Senegal,United States,1.0
1684,Serbia,Armenia,1.0
1685,Serbia,Austria,1.8333333333333333
1686,Serbia,Belarus,1.1363636363636365
1687,Serbia,Belgium,1.0666666666666667
1688,Serbia,Croatia,1.4333333333333333
1689,Serbia,Czech Republic,1.0454545454545454
1690,Serbia,Denmark,1.0217391304347827
1691,Serbia,Finland,1.0
1692,Serbia,France,2.7153846153846155
1693,Serbia,Germany,6.264705882352941
1694,Serbia,Greece,1.537037037037037
1695,Serbia,Hungary,1.2916666666666667
1696,Serbia,Israel,1.0
1697,Serbia,Italy,2.7117117117117115
1698,Serbia,Malta,1.0833333333333333
1699,Serbia,Morocco,1.0
1700,Serbia,Netherlands,1.9583333333333333
1701,Serbia,Norway,1.0
1702,Serbia,Poland,1.49
1703,Serbia,Portugal,1.0
1704,Serbia,Qatar,1.0
1705,Serbia,Romania,1.125
1706,Serbia,Russia,3.738255033557047
1707,Serbia,Slovakia,1.0
1708,Serbia,Spain,1.1964285714285714
1709,Serbia,Sweden,1.75
1710,Serbia,Switzerland,3.253846153846154
1711,Serbia,Turkey,1.1714285714285715
1712,Serbia,Ukraine,1.0909090909090908
1713,Serbia,United Arab Emirates,1.5113636363636365
1714,Serbia,United Kingdom,1.6846153846153846
1715,Serbia,United States,1.0
1716,Singapore,Australia,21.618055555555557
1717,Singapore,Bahrain,1.0
1718,Singapore,Bangladesh,1.5942028985507246
1719,Singapore,Belgium,1.0
1720,Singapore,Canada,1.0
1721,Singapore,China,2.904580152671756
1722,Singapore,Denmark,1.0220588235294117
1723,Singapore,Finland,1.0078125
1724,Singapore,France,2.427536231884058
1725,Singapore,Germany,4.183760683760684
1726,Singapore,Greece,1.0
1727,Singapore,Hong Kong,11.79861111111111
1728,Singapore,India,15.441666666666666
1729,Singapore,Indonesia,2.8766233766233764
1730,Singapore,Italy,1.5350877192982457
1731,Singapore,Japan,8.405172413793103
1732,Singapore,Luxembourg,1.0
1733,Singapore,Macau,1.75
1734,Singapore,Malaysia,29.085271317829456
1735,Singapore,Netherlands,1.7647058823529411
1736,Singapore,New Zealand,4.135294117647059
1737,Singapore,Philippines,12.536697247706423
1738,Singapore,Poland,1.0625
1739,Singapore,Qatar,2.3785714285714286
1740,Singapore,Russia,1.1914893617021276
1741,Singapore,Saudi Arabia,1.0
1742,Singapore,South Africa,1.0535714285714286
1743,Singapore,South Korea,5.342307692307692
1744,Singapore,Spain,1.0
1745,Singapore,Sri Lanka,3.987012987012987
1746,Singapore,Switzerland,1.8034682080924855
1747,Singapore,Taiwan,8.31095406360424
1748,Singapore,Thailand,18.53183520599251
1749,Singapore,Turkey,1.0
1750,Singapore,United Arab Emirates,4.537878787878788
1751,Singapore,United Kingdom,5.415966386554622
1752,Singapore,United States,5.431578947368421
1753,Slovakia,Austria,1.5238095238095237
1754,Slovakia,Belgium,1.15625
1755,Slovakia,Croatia,1.25
1756,Slovakia,Czech Republic,2.4214876033057853
1757,Slovakia,Denmark,1.0
1758,Slovakia,Finland,1.0
1759,Slovakia,France,1.2857142857142858
1760,Slovakia,Germany,2.3087557603686637
1761,Slovakia,Greece,1.0416666666666667
1762,Slovakia,Hungary,1.0
1763,Slovakia,Ireland,1.0423728813559323
1764,Slovakia,Italy,1.4285714285714286
1765,Slovakia,Latvia,1.0
1766,Slovakia,Malta,1.0
1767,Slovakia,Netherlands,1.0465116279069768
1768,Slovakia,Norway,1.0
1769,Slovakia,Poland,1.73
1770,Slovakia,Romania,1.0
1771,Slovakia,Russia,1.06
1772,Slovakia,Serbia,1.0
1773,Slovakia,Spain,1.0
1774,Slovakia,Sweden,1.0
1775,Slovakia,Switzerland,1.2727272727272727
1776,Slovakia,Turkey,1.0
1777,Slovakia,Ukraine,1.7564102564102564
1778,Slovakia,United Arab Emirates,1.3518518518518519
1779,Slovakia,United Kingdom,4.580246913580247
1780,South Africa,Australia,1.125
1781,South Africa,Austria,1.1666666666666667
1782,South Africa,Belgium,1.1333333333333333
1783,South Africa,Brazil,1.6
1784,South Africa,China,1.0
1785,South Africa,France,1.576086956521739
1786,South Africa,Germany,3.391566265060241
1787,South Africa,Hong Kong,1.0952380952380953
1788,South Africa,India,1.2820512820512822
1789,South Africa,Israel,1.25
1790,South Africa,Italy,1.2105263157894737
1791,South Africa,Netherlands,1.946236559139785
1792,South Africa,Portugal,1.0
1793,South Africa,Qatar,2.3262032085561497
1794,South Africa,Senegal,1.1428571428571428
1795,South Africa,Singapore,1.0535714285714286
1796,South Africa,Sweden,1.0
1797,South Africa,Switzerland,1.588785046728972
1798,South Africa,Thailand,1.0
1799,South Africa,Turkey,1.25
1800,South Africa,United Arab Emirates,3.208791208791209
1801,South Africa,United Kingdom,4.223809523809524
1802,South Africa,United States,2.439252336448598
1803,South Korea,Australia,3.17816091954023
1804,South Korea,Austria,1.1521739130434783
1805,South Korea,Belgium,1.0
1806,South Korea,Brazil,1.0
1807,South Korea,Canada,2.7857142857142856
1808,South Korea,China,4.166666666666667
1809,South Korea,Czech Republic,1.15625
1810,South Korea,Finland,1.0444444444444445
1811,South Korea,France,2.150537634408602
1812,South Korea,Germany,7.048275862068966
1813,South Korea,Hong Kong,12.731543624161073
1814,South Korea,Hungary,1.0
1815,South Korea,India,1.8692307692307693
1816,South Korea,Indonesia,1.2
1817,South Korea,Israel,1.0
1818,South Korea,Italy,2.4909090909090907
1819,South Korea,Japan,25.77891156462585
1820,South Korea,Kazakhstan,1.2674418604651163
1821,South Korea,Luxembourg,1.0
1822,South Korea,Macau,6.7125
1823,South Korea,Malaysia,8.617021276595745
1824,South Korea,Morocco,1.0
1825,South Korea,Netherlands,1.8859649122807018
1826,South Korea,New Zealand,1.8727272727272728
1827,South Korea,Philippines,9.018115942028986
1828,South Korea,Poland,1.025
1829,South Korea,Qatar,1.5
1830,South Korea,Russia,2.4950980392156863
1831,South Korea,Singapore,5.342307692307692
1832,South Korea,Spain,1.565217391304348
1833,South Korea,Taiwan,11.783783783783784
1834,South Korea,Thailand,10.096428571428572
1835,South Korea,Turkey,1.0
1836,South Korea,United Arab Emirates,1.805263157894737
1837,South Korea,United Kingdom,2.2142857142857144
1838,South Korea,United States,28.473154362416107
1839,Spain,Algeria,4.651315789473684
1840,Spain,Argentina,4.484126984126984
1841,Spain,Austria,10.582417582417582
1842,Spain,Bahrain,1.0
1843,Spain,Barbados,1.0
1844,Spain,Belarus,1.0
1845,Spain,Belgium,15.072992700729927
1846,Spain,Bolivia,1.2407407407407407
1847,Spain,Brazil,4.247126436781609
1848,Spain,Canada,1.3466666666666667
1849,Spain,China,1.4318181818181819
1850,Spain,Colombia,4.39
1851,Spain,Costa Rica,1.0263157894736843
1852,Spain,Croatia,1.0571428571428572
1853,Spain,Czech Republic,4.632183908045977
1854,Spain,Denmark,10.040697674418604
1855,Spain,Dominican Republic,1.2962962962962963
1856,Spain,Finland,5.1976744186046515
1857,Spain,France,41.972972972972975
1858,Spain,Germany,62.147651006711406
1859,Spain,Greece,3.264
1860,Spain,Hong Kong,1.1555555555555554
1861,Spain,Hungary,4.425742574257426
1862,Spain,Iceland,1.2222222222222223
1863,Spain,India,1.0
1864,Spain,Ireland,10.23076923076923
1865,Spain,Israel,4.186991869918699
1866,Spain,Italy,38.496428571428574
1867,Spain,Latvia,1.7083333333333333
1868,Spain,Luxembourg,3.4761904761904763
1869,Spain,Malta,1.85
1870,Spain,Mexico,1.0
1871,Spain,Morocco,5.419689119170984
1872,Spain,Netherlands,23.475409836065573
1873,Spain,Norway,4.840425531914893
1874,Spain,Philippines,1.5
1875,Spain,Poland,5.9476744186046515
1876,Spain,Portugal,33.09375
1877,Spain,Qatar,4.285714285714286
1878,Spain,Romania,4.39375
1879,Spain,Russia,6.971774193548387
1880,Spain,Saudi Arabia,1.0588235294117647
1881,Spain,Senegal,1.3543307086614174
1882,Spain,Serbia,1.1964285714285714
1883,Spain,Singapore,1.0
1884,Spain,Slovakia,1.0
1885,Spain,South Korea,1.565217391304348
1886,Spain,Sweden,7.514018691588785
1887,Spain,Switzerland,20.92982456140351
1888,Spain,Turkey,2.4279279279279278
1889,Spain,Ukraine,2.8455882352941178
1890,Spain,United Arab Emirates,3.644628099173554
1891,Spain,United Kingdom,68.17114093959732
1892,Spain,United States,12.24812030075188
1893,Sri Lanka,Australia,1.082191780821918
1894,Sri Lanka,Bahrain,1.5833333333333333
1895,Sri Lanka,Bangladesh,1.0125
1896,Sri Lanka,China,1.0
1897,Sri Lanka,France,1.0
1898,Sri Lanka,Germany,1.0
1899,Sri Lanka,Hong Kong,1.1025641025641026
1900,Sri Lanka,India,16.218934911242602
1901,Sri Lanka,Kazakhstan,1.0
1902,Sri Lanka,Malaysia,4.556962025316456
1903,Sri Lanka,Poland,1.0
1904,Sri Lanka,Qatar,4.36322869955157
1905,Sri Lanka,Russia,1.4
1906,Sri Lanka,Saudi Arabia,1.8934426229508197
1907,Sri Lanka,Singapore,3.987012987012987
1908,Sri Lanka,Switzerland,1.0
1909,Sri Lanka,Thailand,3.7039473684210527
1910,Sri Lanka,United Arab Emirates,7.893258426966292
1911,Sri Lanka,United Kingdom,1.2865853658536586
1912,Sweden,Armenia,1.0
1913,Sweden,Australia,1.0
1914,Sweden,Austria,4.9423076923076925
1915,Sweden,Belarus,1.0104166666666667
1916,Sweden,Belgium,6.321428571428571
1917,Sweden,Croatia,1.625
1918,Sweden,Czech Republic,2.443548387096774
1919,Sweden,Denmark,16.56418918918919
1920,Sweden,Estonia,3.745614035087719
1921,Sweden,Finland,16.875838926174495
1922,Sweden,France,5.338345864661654
1923,Sweden,Germany,20.859060402684563
1924,Sweden,Greece,1.4814814814814814
1925,Sweden,Hong Kong,1.0
1926,Sweden,Hungary,2.131818181818182
1927,Sweden,Iceland,1.146341463414634
1928,Sweden,India,1.1666666666666667
1929,Sweden,Ireland,1.548780487804878
1930,Sweden,Israel,1.0357142857142858
1931,Sweden,Italy,4.212328767123288
1932,Sweden,Latvia,5.180722891566265
1933,Sweden,Luxembourg,1.0
1934,Sweden,Malta,1.121212121212121
1935,Sweden,Morocco,1.0
1936,Sweden,Netherlands,6.882758620689655
1937,Sweden,Norway,12.260135135135135
1938,Sweden,Poland,10.380952380952381
1939,Sweden,Portugal,1.6726190476190477
1940,Sweden,Qatar,2.5846774193548385
1941,Sweden,Romania,1.596774193548387
1942,Sweden,Russia,2.96875
1943,Sweden,Serbia,1.75
1944,Sweden,Slovakia,1.0
1945,Sweden,South Africa,1.0
1946,Sweden,Spain,7.514018691588785
1947,Sweden,Switzerland,5.642857142857143
1948,Sweden,Thailand,1.5222222222222221
1949,Sweden,Turkey,1.6219512195121952
1950,Sweden,Ukraine,1.4107142857142858
1951,Sweden,United Arab Emirates,2.1604938271604937
1952,Sweden,United Kingdom,16.031007751937985
1953,Sweden,United States,2.597560975609756
1954,Switzerland,Algeria,1.1688311688311688
1955,Switzerland,Argentina,1.0
1956,Switzerland,Armenia,1.0
1957,Switzerland,Austria,14.166666666666666
1958,Switzerland,Belarus,1.0
1959,Switzerland,Belgium,8.442307692307692
1960,Switzerland,Brazil,1.267605633802817
1961,Switzerland,Canada,2.5618556701030926
1962,Switzerland,China,1.0
1963,Switzerland,Costa Rica,1.0
1964,Switzerland,Croatia,1.9593023255813953
1965,Switzerland,Czech Republic,4.064705882352941
1966,Switzerland,Denmark,7.292134831460674
1967,Switzerland,Dominican Republic,1.0
1968,Switzerland,Finland,2.742424242424242
1969,Switzerland,France,21.953237410071942
1970,Switzerland,Germany,46.09060402684564
1971,Switzerland,Greece,4.0
1972,Switzerland,Hong Kong,1.7933333333333332
1973,Switzerland,Hungary,3.391566265060241
1974,Switzerland,Iceland,1.1147540983606556
1975,Switzerland,India,2.2318840579710146
1976,Switzerland,Ireland,4.416666666666667
1977,Switzerland,Israel,3.709090909090909
1978,Switzerland,Italy,12.784671532846716
1979,Switzerland,Japan,1.0
1980,Switzerland,Latvia,1.4078947368421053
1981,Switzerland,Luxembourg,4.694117647058824
1982,Switzerland,Malaysia,1.0
1983,Switzerland,Malta,1.2450980392156863
1984,Switzerland,Mexico,1.0
1985,Switzerland,Morocco,1.2325581395348837
1986,Switzerland,Netherlands,10.303571428571429
1987,Switzerland,Norway,2.8209876543209877
1988,Switzerland,Poland,6.724719101123595
1989,Switzerland,Portugal,12.166666666666666
1990,Switzerland,Qatar,2.3653846153846154
1991,Switzerland,Romania,1.4137931034482758
1992,Switzerland,Russia,8.471698113207546
1993,Switzerland,Saudi Arabia,1.467741935483871
1994,Switzerland,Senegal,1.0
1995,Switzerland,Serbia,3.253846153846154
1996,Switzerland,Singapore,1.8034682080924855
1997,Switzerland,Slovakia,1.2727272727272727
1998,Switzerland,South Africa,1.588785046728972
1999,Switzerland,Spain,20.92982456140351
2000,Switzerland,Sri Lanka,1.0
2001,Switzerland,Sweden,5.642857142857143
2002,Switzerland,Thailand,1.881720430107527
2003,Switzerland,Turkey,2.587378640776699
2004,Switzerland,Ukraine,2.127659574468085
2005,Switzerland,United Arab Emirates,4.4789915966386555
2006,Switzerland,United Kingdom,53.761744966442954
2007,Switzerland,United States,11.307017543859649
2008,Taiwan,Australia,2.7535211267605635
2009,Taiwan,Austria,1.3793103448275863
2010,Taiwan,Canada,2.6856060606060606
2011,Taiwan,China,3.6745283018867925
2012,Taiwan,France,1.2448979591836735
2013,Taiwan,Germany,1.3811475409836065
2014,Taiwan,Hong Kong,24.815436241610737
2015,Taiwan,India,1.825
2016,Taiwan,Indonesia,1.5161290322580645
2017,Taiwan,Italy,1.0
2018,Taiwan,Japan,24.073825503355703
2019,Taiwan,Kazakhstan,1.0
2020,Taiwan,Luxembourg,1.0555555555555556
2021,Taiwan,Macau,5.869230769230769
2022,Taiwan,Malaysia,5.702702702702703
2023,Taiwan,Netherlands,1.743801652892562
2024,Taiwan,New Zealand,1.037037037037037
2025,Taiwan,Philippines,7.3
2026,Taiwan,Poland,1.0
2027,Taiwan,Russia,1.1666666666666667
2028,Taiwan,Singapore,8.31095406360424
2029,Taiwan,South Korea,11.783783783783784
2030,Taiwan,Thailand,10.746428571428572
2031,Taiwan,Turkey,1.0
2032,Taiwan,United Arab Emirates,1.4325842696629214
2033,Taiwan,United Kingdom,1.025
2034,Taiwan,United States,17.966442953020135
2035,Thailand,Algeria,1.0
2036,Thailand,Australia,6.195402298850575
2037,Thailand,Austria,2.486666666666667
2038,Thailand,Bahrain,1.3979591836734695
2039,Thailand,Bangladesh,1.5
2040,Thailand,Belgium,1.0087719298245614
2041,Thailand,Canada,1.0
2042,Thailand,China,4.563451776649746
2043,Thailand,Czech Republic,1.0
2044,Thailand,Denmark,1.488235294117647
2045,Thailand,Finland,2.191860465116279
2046,Thailand,France,2.6868131868131866
2047,Thailand,Germany,4.471861471861472
2048,Thailand,Hong Kong,14.629893238434164
2049,Thailand,India,20.020833333333332
2050,Thailand,Indonesia,1.5
2051,Thailand,Israel,1.4761904761904763
2052,Thailand,Italy,1.6160714285714286
2053,Thailand,Japan,9.110714285714286
2054,Thailand,Kazakhstan,1.010204081632653
2055,Thailand,Luxembourg,1.2105263157894737
2056,Thailand,Macau,3.2875
2057,Thailand,Malaysia,15.720588235294118
2058,Thailand,Netherlands,1.489247311827957
2059,Thailand,New Zealand,1.0813953488372092
2060,Thailand,Norway,1.328125
2061,Thailand,Philippines,6.601063829787234
2062,Thailand,Poland,1.15625
2063,Thailand,Qatar,5.071969696969697
2064,Thailand,Russia,4.594059405940594
2065,Thailand,Saudi Arabia,1.0
2066,Thailand,Singapore,18.53183520599251
2067,Thailand,South Africa,1.0
2068,Thailand,South Korea,10.096428571428572
2069,Thailand,Sri Lanka,3.7039473684210527
2070,Thailand,Sweden,1.5222222222222221
2071,Thailand,Switzerland,1.881720430107527
2072,Thailand,Taiwan,10.746428571428572
2073,Thailand,Turkey,1.0
2074,Thailand,Ukraine,1.125
2075,Thailand,United Arab Emirates,5.463302752293578
2076,Thailand,United Kingdom,4.25531914893617
2077,Thailand,United States,1.625
2078,Turkey,Algeria,1.0
2079,Turkey,Austria,3.247311827956989
2080,Turkey,Bahrain,1.6323529411764706
2081,Turkey,Bangladesh,1.0
2082,Turkey,Belarus,1.0
2083,Turkey,Belgium,2.7991803278688523
2084,Turkey,Brazil,1.0
2085,Turkey,Canada,1.0
2086,Turkey,China,1.0
2087,Turkey,Croatia,1.0
2088,Turkey,Czech Republic,1.146341463414634
2089,Turkey,Denmark,1.8895348837209303
2090,Turkey,Finland,1.05
2091,Turkey,France,5.0594059405940595
2092,Turkey,Germany,14.797297297297296
2093,Turkey,Greece,1.475
2094,Turkey,Hong Kong,1.3666666666666667
2095,Turkey,Hungary,1.22
2096,Turkey,India,1.686046511627907
2097,Turkey,Ireland,1.0
2098,Turkey,Israel,3.0058823529411764
2099,Turkey,Italy,4.297752808988764
2100,Turkey,Kazakhstan,2.112033195020747
2101,Turkey,Malaysia,1.0833333333333333
2102,Turkey,Morocco,1.2432432432432432
2103,Turkey,Netherlands,3.8541666666666665
2104,Turkey,Norway,1.1136363636363635
2105,Turkey,Poland,1.15
2106,Turkey,Portugal,1.1333333333333333
2107,Turkey,Qatar,4.445945945945946
2108,Turkey,Romania,1.108695652173913
2109,Turkey,Russia,3.3423423423423424
2110,Turkey,Saudi Arabia,1.9493670886075949
2111,Turkey,Senegal,1.25
2112,Turkey,Serbia,1.1714285714285715
2113,Turkey,Singapore,1.0
2114,Turkey,Slovakia,1.0
2115,Turkey,South Africa,1.25
2116,Turkey,South Korea,1.0
2117,Turkey,Spain,2.4279279279279278
2118,Turkey,Sweden,1.6219512195121952
2119,Turkey,Switzerland,2.587378640776699
2120,Turkey,Taiwan,1.0
2121,Turkey,Thailand,1.0
2122,Turkey,Ukraine,1.794871794871795
2123,Turkey,United Arab Emirates,5.29296875
2124,Turkey,United Kingdom,5.379032258064516
2125,Turkey,United States,1.8454545454545455
2126,Ukraine,Algeria,1.0
2127,Ukraine,Armenia,1.2592592592592593
2128,Ukraine,Austria,4.119318181818182
2129,Ukraine,Bangladesh,1.0
2130,Ukraine,Belarus,4.491935483870968
2131,Ukraine,Belgium,1.3541666666666667
2132,Ukraine,Croatia,1.0
2133,Ukraine,Czech Republic,2.2710843373493974
2134,Ukraine,Denmark,1.35
2135,Ukraine,Estonia,1.0125
2136,Ukraine,Finland,1.0256410256410255
2137,Ukraine,France,1.6756756756756757
2138,Ukraine,Germany,9.055762081784387
2139,Ukraine,Greece,1.4027777777777777
2140,Ukraine,Hungary,1.6346153846153846
2141,Ukraine,India,1.1666666666666667
2142,Ukraine,Ireland,1.0333333333333334
2143,Ukraine,Israel,2.376146788990826
2144,Ukraine,Italy,2.9823529411764707
2145,Ukraine,Kazakhstan,1.855263157894737
2146,Ukraine,Latvia,3.130434782608696
2147,Ukraine,Malta,1.0
2148,Ukraine,Netherlands,1.7771084337349397
2149,Ukraine,Norway,1.0555555555555556
2150,Ukraine,Poland,6.537190082644628
2151,Ukraine,Portugal,1.0
2152,Ukraine,Qatar,1.7094594594594594
2153,Ukraine,Russia,1.0
2154,Ukraine,Serbia,1.0909090909090908
2155,Ukraine,Slovakia,1.7564102564102564
2156,Ukraine,Spain,2.8455882352941178
2157,Ukraine,Sweden,1.4107142857142858
2158,Ukraine,Switzerland,2.127659574468085
2159,Ukraine,Thailand,1.125
2160,Ukraine,Turkey,1.794871794871795
2161,Ukraine,United Arab Emirates,3.4069767441860463
2162,Ukraine,United Kingdom,3.0240963855421685
2163,Ukraine,United States,1.0357142857142858
2164,United Arab Emirates,Algeria,1.3611111111111112
2165,United Arab Emirates,Armenia,1.7328244274809161
2166,United Arab Emirates,Australia,6.209302325581396
2167,United Arab Emirates,Austria,2.5754716981132075
2168,United Arab Emirates,Bahrain,12.03020134228188
2169,United Arab Emirates,Bangladesh,3.9748427672955975
2170,United Arab Emirates,Belarus,1.0
2171,United Arab Emirates,Belgium,2.612781954887218
2172,United Arab Emirates,Brazil,1.5174418604651163
2173,United Arab Emirates,Canada,1.8
2174,United Arab Emirates,China,1.3170731707317074
2175,United Arab Emirates,Croatia,1.0125
2176,United Arab Emirates,Czech Republic,2.4146341463414633
2177,United Arab Emirates,Denmark,1.5574712643678161
2178,United Arab Emirates,Estonia,1.0
2179,United Arab Emirates,Finland,1.5916666666666666
2180,United Arab Emirates,France,5.0574324324324325
2181,United Arab Emirates,Germany,12.315436241610739
2182,United Arab Emirates,Greece,1.9230769230769231
2183,United Arab Emirates,Hong Kong,8.125
2184,United Arab Emirates,Hungary,1.8924050632911393
2185,United Arab Emirates,India,34.833333333333336
2186,United Arab Emirates,Indonesia,1.25
2187,United Arab Emirates,Ireland,2.3202247191011236
2188,United Arab Emirates,Israel,1.0
2189,United Arab Emirates,Italy,7.122222222222222
2190,United Arab Emirates,Japan,1.3537735849056605
2191,United Arab Emirates,Kazakhstan,2.607142857142857
2192,United Arab Emirates,Latvia,1.0
2193,United Arab Emirates,Luxembourg,1.9451219512195121
2194,United Arab Emirates,Malaysia,3.6236559139784945
2195,United Arab Emirates,Malta,1.096774193548387
2196,United Arab Emirates,Morocco,1.05
2197,United Arab Emirates,Netherlands,4.636054421768708
2198,United Arab Emirates,New Zealand,1.7469135802469136
2199,United Arab Emirates,Norway,1.2727272727272727
2200,United Arab Emirates,Philippines,4.435643564356436
2201,United Arab Emirates,Poland,2.7777777777777777
2202,United Arab Emirates,Portugal,2.1933333333333334
2203,United Arab Emirates,Qatar,1.0833333333333333
2204,United Arab Emirates,Romania,1.875
2205,United Arab Emirates,Russia,14.382352941176471
2206,United Arab Emirates,Saudi Arabia,15.758503401360544
2207,United Arab Emirates,Senegal,1.05
2208,United Arab Emirates,Serbia,1.5113636363636365
2209,United Arab Emirates,Singapore,4.537878787878788
2210,United Arab Emirates,Slovakia,1.3518518518518519
2211,United Arab Emirates,South Africa,3.208791208791209
2212,United Arab Emirates,South Korea,1.805263157894737
2213,United Arab Emirates,Spain,3.644628099173554
2214,United Arab Emirates,Sri Lanka,7.893258426966292
2215,United Arab Emirates,Sweden,2.1604938271604937
2216,United Arab Emirates,Switzerland,4.4789915966386555
2217,United Arab Emirates,Taiwan,1.4325842696629214
2218,United Arab Emirates,Thailand,5.463302752293578
2219,United Arab Emirates,Turkey,5.29296875
2220,United Arab Emirates,Ukraine,3.4069767441860463
2221,United Arab Emirates,United Kingdom,15.534965034965035
2222,United Arab Emirates,United States,9.015503875968992
2223,United Kingdom,Algeria,1.4495412844036697
2224,United Kingdom,Argentina,1.6122448979591837
2225,United Kingdom,Australia,1.480263157894737
2226,United Kingdom,Austria,21.76595744680851
2227,United Kingdom,Bahrain,2.393162393162393
2228,United Kingdom,Bangladesh,1.125
2229,United Kingdom,Barbados,3.054054054054054
2230,United Kingdom,Belarus,1.09375
2231,United Kingdom,Belgium,14.322916666666666
2232,United Kingdom,Brazil,3.0114942528735633
2233,United Kingdom,Canada,9.409395973154362
2234,United Kingdom,China,1.4782608695652173
2235,United Kingdom,Colombia,1.025
2236,United Kingdom,Costa Rica,1.0
2237,United Kingdom,Croatia,1.7901234567901234
2238,United Kingdom,Czech Republic,18.155172413793103
2239,United Kingdom,Denmark,19.87226277372263
2240,United Kingdom,Dominican Republic,1.2058823529411764
2241,United Kingdom,Estonia,1.8522727272727273
2242,United Kingdom,Finland,6.546979865771812
2243,United Kingdom,France,57.211409395973156
2244,United Kingdom,Germany,95.86577181208054
2245,United Kingdom,Greece,7.644808743169399
2246,United Kingdom,Hong Kong,6.114093959731544
2247,United Kingdom,Hungary,12.483221476510067
2248,United Kingdom,Iceland,8.26909090909091
2249,United Kingdom,India,9.774336283185841
2250,United Kingdom,Indonesia,1.0
2251,United Kingdom,Ireland,80.33221476510067
2252,United Kingdom,Israel,4.794520547945205
2253,United Kingdom,Italy,54.79530201342282
2254,United Kingdom,Japan,2.7337662337662336
2255,United Kingdom,Kazakhstan,1.25
2256,United Kingdom,Latvia,6.02906976744186
2257,United Kingdom,Luxembourg,8.158415841584159
2258,United Kingdom,Malaysia,2.5051020408163267
2259,United Kingdom,Malta,6.769547325102881
2260,United Kingdom,Mexico,1.5
2261,United Kingdom,Morocco,2.1968503937007875
2262,United Kingdom,Netherlands,55.0
2263,United Kingdom,Norway,17.044642857142858
2264,United Kingdom,Philippines,1.1216216216216217
2265,United Kingdom,Poland,41.14678899082569
2266,United Kingdom,Portugal,25.864583333333332
2267,United Kingdom,Qatar,11.560402684563758
2268,United Kingdom,Romania,6.606481481481482
2269,United Kingdom,Russia,9.326923076923077
2270,United Kingdom,Saudi Arabia,2.02027027027027
2271,United Kingdom,Senegal,1.0
2272,United Kingdom,Serbia,1.6846153846153846
2273,United Kingdom,Singapore,5.415966386554622
2274,United Kingdom,Slovakia,4.580246913580247
2275,United Kingdom,South Africa,4.223809523809524
2276,United Kingdom,South Korea,2.2142857142857144
2277,United Kingdom,Spain,68.17114093959732
2278,United Kingdom,Sri Lanka,1.2865853658536586
2279,United Kingdom,Sweden,16.031007751937985
2280,United Kingdom,Switzerland,53.761744966442954
2281,United Kingdom,Taiwan,1.025
2282,United Kingdom,Thailand,4.25531914893617
2283,United Kingdom,Turkey,5.379032258064516
2284,United Kingdom,Ukraine,3.0240963855421685
2285,United Kingdom,United Arab Emirates,15.534965034965035
2286,United Kingdom,United States,71.93959731543625
2287,United States,Argentina,7.152380952380953
2288,United States,Australia,15.533557046979865
2289,United States,Austria,3.0547945205479454
2290,United States,Bahrain,1.0833333333333333
2291,United States,Barbados,5.80225988700565
2292,United States,Belgium,7.748322147651007
2293,United States,Bolivia,1.5741935483870968
2294,United States,Brazil,17.936241610738254
2295,United States,Canada,265.4261744966443
2296,United States,China,2.685
2297,United States,Colombia,20.503401360544217
2298,United States,Costa Rica,20.982698961937718
2299,United States,Denmark,4.963855421686747
2300,United States,Dominican Republic,12.631578947368421
2301,United States,Finland,1.98125
2302,United States,France,22.22972972972973
2303,United States,French Polynesia,2.488235294117647
2304,United States,Germany,41.14093959731544
2305,United States,Greece,1.1285714285714286
2306,United States,Hong Kong,21.473154362416107
2307,United States,Hungary,1.0714285714285714
2308,United States,Iceland,4.476923076923077
2309,United States,India,6.715686274509804
2310,United States,Indonesia,1.5
2311,United States,Ireland,11.691275167785236
2312,United States,Israel,4.605633802816901
2313,United States,Italy,7.803030303030303
2314,United States,Japan,11.302013422818792
2315,United States,Kazakhstan,1.0
2316,United States,Luxembourg,4.15034965034965
2317,United States,Macau,1.0
2318,United States,Malta,1.0
2319,United States,Mexico,12.255555555555556
2320,United States,Morocco,1.5714285714285714
2321,United States,Netherlands,20.06040268456376
2322,United States,New Zealand,5.398550724637682
2323,United States,Norway,2.040983606557377
2324,United States,Philippines,4.15979381443299
2325,United States,Poland,2.895
2326,United States,Portugal,7.456989247311828
2327,United States,Puerto Rico,31.98148148148148
2328,United States,Qatar,7.197183098591549
2329,United States,Romania,1.0
2330,United States,Russia,3.931451612903226
2331,United States,Saudi Arabia,1.3928571428571428
2332,United States,Senegal,1.0
2333,United States,Serbia,1.0
2334,United States,Singapore,5.431578947368421
2335,United States,South Africa,2.439252336448598
2336,United States,South Korea,28.473154362416107
2337,United States,Spain,12.24812030075188
2338,United States,Sweden,2.597560975609756
2339,United States,Switzerland,11.307017543859649
2340,United States,Taiwan,17.966442953020135
2341,United States,Thailand,1.625
2342,United States,Turkey,1.8454545454545455
2343,United States,Ukraine,1.0357142857142858
2344,United States,United Arab Emirates,9.015503875968992
2345,United States,United Kingdom,71.93959731543625
